true,pred
0.3722397,0.39178142
0.18278691,0.27139562
0.07509798,0.037804514
0.0072938204,0.39784238
0.53177893,0.39376932
0.04319015,0.034086257
0.08307493,0.108301625
0.4719517,0.79800427
0.77108765,0.7057412
0.19275814,0.20830004
0.013276547,0.10363215
0.92065567,0.88104886
0.79103005,0.83256614
0.45200932,0.45573634
0.011282295,0.012315989
0.54175013,0.84576094
0.053161323,0.13546138
0.12295973,0.122750685
0.6015773,0.20114356
0.23264292,0.17210521
0.8408861,0.8830987
0.4719517,0.51858836
0.75114524,0.59652126
0.023247749,0.04709795
0.011780858,0.034791768
0.00031396747,0.0096749365
0.89074206,0.8446709
0.0033053458,0.044702828
0.32238373,0.48637366
0.13193382,0.21400744
0.023247749,0.006927967
0.6713757,0.47700256
0.024244875,0.10626343
0.55172133,0.07245028
0.6015773,0.37991327
0.053161323,0.10463834
0.25258532,0.22910154
0.011780858,0.009391069
0.19275814,0.02430734
0.3423261,0.40009105
0.8508573,0.7762538
0.29247013,0.19426352
0.8010013,0.81525224
0.42209572,0.405201
0.5367645,0.7620859
0.44203812,0.17959371
0.54175013,0.0783672
0.009288043,0.10835178
0.7411741,0.60583115
0.23264292,0.20430115
0.073103726,0.6382447
0.27252772,0.15682617
0.023247749,0.57207847
0.21270053,0.18326205
0.87777954,0.7054151
0.49189413,0.4381285
0.9505692,0.9436774
0.6813469,0.7409416
0.19375525,0.43567044
0.5816349,0.6502509
0.87079966,0.8035588
-0.0046716034,0.002744019
0.023247749,0.052317888
0.013276547,0.015188217
0.009288043,0.016155422
0.5616925,0.659032
0.83091486,0.49775052
0.22267173,0.18900898
0.2156919,0.23181252
0.59160614,0.2135273
0.89473057,0.8874713
0.59160614,0.5996681
0.25258532,0.159756
-0.00068312883,0.006631583
0.81097245,0.80635333
0.54175013,0.45378634
0.23264292,0.08546391
0.6015773,0.62724686
0.0033053458,0.03322065
0.5816349,0.6124382
0.09304613,0.17219056
0.23264292,0.24101156
0.2824989,0.3366821
0.40414757,0.49023658
0.81097245,0.79236555
0.018262118,0.008208722
0.35229734,0.33440557
0.017265022,0.048419714
0.76111645,0.17709522
0.91068447,0.83784723
0.69131804,0.72874045
0.33235493,0.1704157
-0.002677381,0.03398922
0.59160614,0.35802948
0.4958826,0.52451444
0.004302472,0.0070404112
0.09304613,0.07239252
0.55172133,0.58965427
0.5616925,0.19731906
0.7212317,0.79171467
0.24261412,0.22487998
0.7012893,0.20028293
0.3622685,0.4581648
0.17281574,0.2513023
0.00031396747,0.022708923
0.25258532,0.1680726
0.45200932,0.03962618
0.89074206,0.6839
0.25258532,0.15232044
0.3921821,0.22955161
0.42209572,0.49344295
0.50186527,0.34057945
0.83091486,0.66351396
0.26355365,0.32526913
0.060141176,0.079665005
0.82094365,0.44235513
0.71126056,0.65781265
0.02314803,0.51845765
0.042990714,0.06295133
0.55172133,0.5960925
0.4121245,0.37508285
0.50186527,0.6704722
0.7810589,0.81626475
-0.0046716034,0.0074848533
0.53177893,0.53066653
0.073103726,0.14418997
0.7411741,0.8145516
0.02823335,0.011375278
0.0082909465,0.35502335
0.43206692,0.52646935
0.24261412,0.1705928
0.23264292,0.57485455
0.00031396747,0.0070843995
0.87079966,0.91185963
0.0072938204,0.0052711368
0.029230446,0.0493038
0.10062423,0.039928824
0.9405981,0.85231614
0.03321895,0.03193724
0.32238373,0.1795265
0.053161323,0.16182195
0.08307493,0.15735923
0.5616925,0.07281056
0.11298853,0.14374754
0.13293093,0.14290705
0.9705117,0.9324811
0.023247749,0.05440709
0.026239097,0.059321642
0.7012893,0.7795694
0.017265022,0.02594906
0.51183647,0.5475068
0.4719517,0.21636587
0.4121245,0.48336005
0.15287334,0.048805088
0.7411741,0.68876266
0.022250652,0.027132481
0.55172133,0.61974204
0.6115485,0.6035012
0.0033053458,0.034780145
0.040198773,0.48806822
0.70627487,0.7118928
0.6713757,0.72607815
0.4121245,0.58318305
0.43206692,0.377307
0.82094365,0.46521536
0.8199465,0.92995983
0.75114524,0.72055244
0.30244133,0.30102152
0.57864356,0.63612986
0.3921821,0.32270622
0.53177893,0.31698802
0.3722397,0.44343206
0.17281574,0.16367061
0.00659582,0.012770206
0.29247013,0.13401206
0.13691941,0.0961853
0.9804829,0.76494205
0.92065567,0.85320985
0.23264292,0.09130767
0.0870634,0.021324903
0.19275814,0.20650709
0.0013110936,0.012166917
0.039201677,0.08853197
0.12295973,0.06801152
0.20272931,0.19860588
0.19574949,0.20243219
0.02025637,0.05847034
0.0057083964,0.031598568
0.22267173,0.18595967
0.6115485,0.6489812
0.0014107823,0.016106397
0.89074206,0.85966957
0.82094365,0.35560954
0.04319015,0.32994398
0.053161323,0.041098297
0.30244133,0.058083892
-0.002677381,0.008068889
0.43206692,0.45999348
0.26455078,0.36127713
0.87079966,0.8806209
0.04319015,0.056462765
0.019458681,0.02260217
-0.0035747886,0.0015613139
0.053161323,0.1836659
0.0002142787,0.008565247
0.00031396747,0.011261791
0.33235493,0.25077096
0.92065567,0.87937385
0.11298853,0.17355776
0.09304613,0.13488266
0.27252772,0.33909303
0.260662,0.2897547
0.990454,0.8326022
0.4719517,0.62915003
0.03321895,0.13642931
0.10979776,0.118108675
0.45200932,0.5748407
0.24261412,0.34818313
0.9705117,0.20278905
0.3822109,0.32522073
0.23762852,0.3965752
0.48192292,0.33408043
0.013276547,0.15658355
0.48192292,0.43884403
0.22566308,0.06952286
0.5816349,0.6372628
0.55172133,0.366619
0.26255655,0.23649657
0.3423261,0.54619503
0.15885605,0.18433458
0.4021533,0.53714365
-0.0056687593,0.0073772073
0.990454,0.9570037
0.15287334,0.29979944
-0.0036745071,0.40312734
0.9505692,0.8443495
0.7411741,0.88273746
0.4420381,0.18116695
0.15287334,0.13401951
0.35229734,0.31992048
0.82094365,0.8037181
0.33235493,0.25708532
0.10301733,0.028320312
0.18278691,0.21942112
0.17281574,0.3399285
0.43206692,0.4378593
0.031224668,0.021440387
0.08307493,0.13238174
0.30244133,0.10818404
0.005299568,0.02592504
0.23862565,0.32717097
0.016247958,0.012940377
0.3921821,0.4917838
0.5616925,0.4615702
0.0033053458,0.06393236
0.27252772,0.3419951
0.013276547,0.38623884
0.9007133,0.24155036
0.8010013,0.70098424
0.03321895,0.07832432
0.91068447,0.034895033
0.87079966,0.78504
0.04917288,0.7984593
0.016267896,0.01711467
0.21270053,0.13377874
0.013276547,0.0152388215
0.14290214,0.32012528
0.00031396747,0.5356736
-0.0036745071,0.10397476
0.990454,0.8354416
0.92065567,0.93327403
0.019259274,0.046220213
0.05914405,0.025142401
0.32238373,0.5125507
0.4719517,0.39721844
0.063132524,0.044708073
0.76111645,0.69212365
0.6015773,0.79383665
0.4719517,0.13756223
0.9705117,0.8276578
0.3622685,0.46089464
0.9705117,0.92077184
0.51183647,0.52828616
0.053161323,0.06761274
0.15287334,0.2315914
0.04917288,0.028836697
0.063132524,0.06711796
0.77108765,0.8486695
0.0033053458,0.0035815537
0.17281574,0.13318561
0.31241253,0.34044838
0.08307493,0.054789722
0.09304613,0.15174663
0.006296724,0.051303804
0.32238373,0.49026492
0.69131804,0.7360518
0.5616925,0.54978055
0.7910301,0.15497684
0.46198052,0.64455813
0.35229734,0.4131486
0.69131804,0.6781713
0.9007133,0.5797276
-0.0036745071,0.0055627823
0.9804829,0.23553017
0.71126056,0.4355163
0.053161323,0.09694165
0.5218077,0.58927447
0.5118365,0.51607716
0.31839526,0.22131193
0.14290214,0.15661293
0.09304613,0.85714245
0.15287334,0.5271949
0.073103726,0.1737125
-0.0046716034,0.008481562
0.43406117,0.047866613
0.3921821,0.19212545
0.83091486,0.8375007
0.6215197,0.6117074
0.23264292,0.22581506
0.990454,0.88907963
0.89074206,0.88172513
0.24261412,0.22029199
0.49189413,0.5814964
0.4420381,0.5811621
0.16284454,0.551129
-0.00068312883,0.008119404
0.12295973,0.3404964
0.8807709,0.63752615
0.04319015,0.57331204
-0.0044721663,0.008594334
0.76111645,0.7816033
0.2824989,0.060654223
0.22267173,0.25487486
0.7810589,0.7131213
0.009288043,0.032499313
0.06213543,0.02230817
0.8408861,0.8699693
0.8408861,0.84742355
0.32238373,0.15274136
0.9007133,0.944668
0.23264292,0.27443007
0.43206692,0.43467122
0.081080705,0.10582441
0.026239097,0.035494387
0.75114524,0.067302644
0.8408861,0.85786784
0.19275814,0.21397693
0.29247013,0.15645844
0.69131804,0.59248626
0.7012893,0.76156974
0.057149827,0.17010844
0.6314909,0.53580785
0.023247749,0.08582634
0.27252772,0.26233226
0.9007133,0.87020636
0.011282295,0.015426099
0.6813469,0.5816091
0.73120284,0.54499483
0.11298853,0.025783807
0.22267173,0.21547242
0.48192292,0.48214278
0.9804829,1.0309
0.13293093,0.16558538
0.21868324,0.10939787
0.006296724,0.015135765
0.006296724,0.02115181
0.93062687,0.2975356
0.025241971,0.09278512
0.6813469,0.64606416
0.08307493,0.16452459
-0.0059678555,0.007872313
0.48192292,0.27206773
0.77108765,0.7622038
0.4121245,0.45739374
0.91068447,0.89016664
0.49189413,0.6350204
0.53177893,0.42018968
0.27252772,0.6578296
0.91068447,0.8778226
0.17281574,0.20946695
0.0033053458,0.034922272
0.24261412,0.5048275
0.11298853,0.41454217
0.0033053458,0.037771195
0.81097245,0.9086846
0.0033053458,0.031171381
0.8528515,0.8873744
0.089057654,0.03001216
0.0033053458,0.018369108
0.14290214,0.29026115
0.00948748,0.10364339
0.5716637,0.68309104
0.81097245,0.16077785
0.023247749,0.018924713
0.9405981,0.6302171
0.0082909465,0.004333794
0.0072938204,0.01519081
0.6414621,0.5438207
0.08307493,0.10009864
0.24261412,0.54471874
0.10301733,0.1689521
0.7212317,0.9048147
0.09304613,0.02021125
0.08307493,0.14071964
0.035213202,0.3058782
0.28249893,0.3298868
0.03321895,0.046356678
0.21270053,0.10555905
0.54175013,0.5998888
0.18278694,0.28068426
-0.006566137,0.00536862
0.023247749,0.21485516
0.69071984,0.09614524
0.5018653,0.6642293
0.4021533,0.2956978
0.33235493,0.8755423
0.6135427,0.32959872
0.22566308,0.1275508
0.5816349,0.7206739
0.14290214,0.074196726
0.3522973,0.51129043
0.0033053458,0.014631838
0.7212317,0.5594645
0.09643635,0.05026731
0.08008358,0.20811792
0.3722397,0.7476332
0.8408861,0.89814293
0.11298853,0.13435286
0.5467357,0.77284104
0.052164227,0.030045986
0.06412965,0.0056875944
0.073103726,0.10559896
0.49189413,0.15765245
0.10301733,0.073545486
-0.006566137,0.003840983
0.018262118,0.05079952
0.6813469,0.74332875
0.9705117,0.68958855
0.0033053458,0.012404144
0.89074206,0.590313
0.8608285,0.6333746
0.11298853,0.19425897
0.77108765,0.7847945
0.30244133,0.5809114
0.82094365,0.6425803
0.12295973,0.0804424
0.5916061,0.6229906
0.0013110936,0.05375552
0.990454,0.85534704
0.6055658,0.48277745
0.039201677,0.19526894
0.21270053,0.2976116
0.3722397,0.3061008
0.5218077,0.6820297
0.0033053458,0.0131521225
0.10301733,0.07511249
0.21270053,0.33361915
0.7910301,0.7482059
0.55172133,0.38720843
0.48192292,0.29739124
0.53177893,0.6309097
0.54175013,0.43995336
0.29247013,0.676016
0.77108765,0.71736157
0.053161323,0.21866485
0.6813469,0.65336
0.73120296,0.2108042
0.024244875,0.012657553
0.025241971,0.019301593
0.88077086,0.86495656
0.87079966,0.38033122
0.17281574,0.22878519
0.039201677,0.035934657
0.32238373,0.29025835
0.87079966,0.7369174
0.42708132,0.12025446
0.50186527,0.6766321
0.10301733,0.09763718
0.17281574,0.19640847
0.9804829,0.9531548
0.6115485,0.610582
0.05914405,0.016995192
0.7810589,0.46443957
0.00031396747,0.04742235
0.19275814,0.22419782
0.19275814,0.20786497
0.71126056,0.64576817
0.49189413,0.49221206
0.08307493,0.020826489
0.3423261,0.48851892
0.3822109,0.2192778
0.3622685,0.27246678
-0.004751414,0.0058121085
0.9405981,0.9562938
0.0033053458,0.10397482
0.06213543,0.04237479
0.081080705,0.2032136
0.91666716,0.84368455
0.27252772,0.24418211
0.54175013,0.5882956
-0.0056687593,0.021207541
0.0023082495,0.10521555
0.3423261,0.017032832
0.6314909,0.81929773
0.03321895,0.02946648
-0.0046716034,0.29601312
0.48192292,0.15334809
0.5816349,0.4944459
0.053161323,0.14266619
0.55600893,0.38167992
0.006296724,0.12694006
0.016267896,0.06888151
0.9505693,0.9671597
0.65143335,0.6694925
0.18278691,0.21920922
0.3921821,0.51300514
0.023247749,0.034320533
0.33235493,0.34374577
0.8608285,0.38726962
0.04319015,0.13946623
0.18278691,0.16119964
0.3423261,0.4046129
0.6215197,0.51259875
-0.0016802847,0.01178959
0.11298853,0.13758537
-0.005269885,0.007879376
0.92065567,0.9020873
0.6813469,0.4023175
0.18278691,0.060240418
0.4719517,0.37109485
-0.0046716034,0.019276679
0.7960157,0.8990263
0.27252772,0.434192
0.8508573,0.75874305
-0.002677381,0.0076707304
0.57066655,0.76961666
0.22267173,0.18694279
-0.0056687593,0.008149385
0.013276547,0.016449839
0.92065567,0.8853638
0.59160614,0.3649407
0.27252772,0.29092568
0.004302472,0.06349063
0.006296724,0.1373639
0.03321895,0.11897522
0.044187248,0.03184417
0.053161323,0.07135427
0.43206692,0.4175188
0.0069946945,0.04971385
0.8408861,0.6413101
0.10301733,0.062191933
0.69131804,0.6524739
0.00031396747,0.006968856
0.7910301,0.7388989
0.6015773,0.6085141
0.053161323,0.22412676
0.24261412,0.2914216
0.0033053458,0.007847607
0.063132524,0.5224546
0.5616925,0.40304875
0.00071281195,0.038237423
0.0411959,0.029988736
0.51183647,0.42388847
0.49189413,0.45616734
0.06911525,0.14304157
0.20272933,0.19489406
0.023247749,0.010261983
0.5616925,0.55841416
0.9405981,0.97850764
0.7212317,0.7889731
0.23264292,0.6337446
0.57764643,0.71572304
0.9505692,0.97256994
0.2824989,0.22726852
0.9605405,0.893826
0.53177893,0.38170978
0.7012893,0.8138329
0.89074206,0.81818044
0.04319015,0.021413475
0.22267173,0.2805112
0.057149827,0.0668011
0.77108765,0.6611366
0.46198052,0.5222327
0.43206692,0.5053579
0.48192292,0.32478166
0.92065567,0.7562742
0.8010013,0.83737624
0.0033053458,0.15739995
0.6614045,0.7625817
0.21270053,0.2032877
0.20272933,0.16163298
0.7910301,0.95825833
0.04319015,0.046331167
0.54175013,0.15948898
0.19275814,0.21452267
0.03321895,0.03359601
0.08307493,0.05407968
-0.0056687593,0.004769534
0.32238373,0.36136138
0.40305072,0.2765457
0.27252772,0.31903395
0.0033053458,0.017673582
0.5816349,0.61549467
-0.0012814105,0.01123929
-0.0046716034,0.007072985
0.03321895,0.0784615
0.55172133,0.52645206
0.3622685,0.30023283
0.6215197,0.71683574
0.11398566,0.04146865
0.17281574,0.20130302
0.023247749,0.025987357
-0.006566137,0.027041763
0.91068447,0.8845802
0.31241253,0.25851703
0.81795233,0.7916964
0.03321895,0.1502049
0.019259274,0.008942783
0.7411741,0.59362614
0.82094365,0.77384204
-0.0056687593,0.018915355
0.0013110936,0.009272575
0.8010013,0.92979246
0.4121245,0.43330762
0.4360554,0.48072067
0.9405981,0.6458219
0.55172133,0.5587503
0.4719517,0.6126121
0.6713757,0.735518
0.75114524,0.86698115
0.46198052,0.27016598
0.42209572,0.5029457
0.46198052,0.39056396
0.01377511,0.005567074
0.0561527,0.124914065
0.5816349,0.8323091
0.053161323,0.8322066
0.09304613,0.20415722
0.73120296,0.7013007
0.6614045,0.55772567
0.8010013,0.80485654
0.27252772,0.07607305
0.89473057,0.8717767
0.8010013,0.8547106
0.5567069,0.63447934
0.004501909,0.019992173
0.69131804,0.84333825
0.76111645,0.7193961
0.92065567,0.9353823
0.3423261,0.0759449
0.073103726,0.15966544
0.55172133,0.42677015
0.102020204,0.17493078
0.53177893,0.5332001
0.32238373,0.25106657
0.55172133,0.8132572
0.8408861,0.8428204
0.09304613,0.11001219
0.6813469,0.74713135
0.4719517,0.66716516
0.29247013,0.18527566
0.011182576,0.13921687
0.55172133,0.57469547
0.9804829,0.927763
0.053161323,0.17748627
0.015270799,0.036925673
0.21270053,0.11068675
0.6314909,0.69794166
0.89074206,0.8570975
0.4420381,0.48977846
0.3423261,0.3525088
0.009288043,0.042871267
0.21270053,0.18953179
0.10301733,0.10269064
0.29247013,0.46127546
0.3124125,0.41912967
0.27252772,0.42973092
0.21270053,0.23724808
0.5816349,0.52830744
0.024244875,0.0885427
0.77108765,0.7069007
0.43206692,0.5987014
0.33235493,0.30933768
0.03321895,0.07499036
0.6215197,0.73022306
0.2824989,0.18106453
0.7012893,0.47350794
0.4021533,0.3903237
0.46198052,0.47030514
0.8010013,0.74655205
0.83091486,0.84930485
0.32238373,0.023589581
0.5716637,0.7048165
0.92065567,0.9228965
0.0561527,0.061430454
0.70627487,0.26285303
0.55172133,0.37500238
0.89074206,0.88103837
0.76111645,0.8033255
0.92065567,0.8778912
0.4021533,0.7546922
0.6614045,0.26969737
0.11298853,0.15865998
0.990454,0.9731281
0.73519135,0.7215086
0.45200932,0.4602192
0.11298853,0.12556665
0.8010013,0.7703744
-0.0038440228,0.1695026
0.6614045,0.658382
0.43206692,0.19394416
0.3622685,0.2554202
0.9804829,0.95552945
0.6314909,0.61854076
0.8508573,0.7963451
0.5716637,0.6465306
0.14290214,0.10144642
0.17281574,0.36333245
0.073103726,0.05948764
0.6115485,0.6743064
0.15885605,0.24464157
0.013276547,0.2315028
0.14828657,0.14994864
0.6813469,0.5540746
0.022250652,0.012788534
0.0362103,0.04705438
0.47195172,0.4077222
0.073103726,0.022208393
0.04319015,0.05391121
0.10301733,0.08631092
0.03321895,0.051309317
0.9605405,0.85731757
0.0082909465,0.032972038
0.5218077,0.3070289
0.73120296,0.6602994
0.9804829,0.14007813
0.62849957,0.6290548
0.14290214,0.15892065
0.7012893,0.39054793
0.3423261,0.4238195
0.11298853,0.15398808
0.10102311,0.052701533
0.22267173,0.059346646
0.8608285,0.94741315
0.10301733,0.84405893
0.51183647,0.52092505
0.22366886,0.23272994
0.27252772,0.48232335
0.006296724,0.025820851
0.0770922,0.08676174
0.6015773,0.60019124
0.7411741,0.7784812
0.060141176,0.1159665
0.015270799,0.02120179
0.8209437,0.8587391
0.6015773,0.5911465
0.16284454,0.2275667
0.026239097,0.015709251
0.9804829,0.44781435
0.83091486,0.89204645
0.8638199,0.8161105
0.8508573,0.96413636
0.013276547,0.030359954
0.073103726,0.843271
0.12295973,0.85663056
0.9804829,0.8429199
0.7810589,0.6344899
0.75114524,0.5518476
0.029230446,0.027834415
0.9505693,0.82884216
0.004302472,0.064027846
0.073103726,0.08559027
0.023247749,0.09806183
0.30044708,0.362981
0.0033053458,0.81327033
0.41511586,0.38927883
0.33235493,0.34912288
0.5816349,0.26575592
0.0082909465,0.05723256
0.026239097,0.08682388
0.49189413,0.4668097
0.04319015,0.068232566
0.35229734,0.34675744
0.85085726,0.88614964
0.02025637,0.055705756
-0.00068312883,0.022052854
0.54175013,0.6523597
0.43206692,0.30546606
0.024244875,0.022659361
0.46198052,0.38524136
0.82094365,0.8971278
0.7012893,0.2009833
0.0033053458,0.012132674
0.013276547,0.036112934
0.029230446,0.037449837
0.053161323,0.06874886
0.03321895,0.10497835
-0.00068312883,0.009488344
0.023247749,0.055874586
0.5766493,0.60886645
0.13293093,0.10594031
0.22267173,0.32120055
0.023247749,0.05787936
0.4809258,0.58215714
0.02603969,0.0497396
0.15287334,0.049048334
0.6115485,0.29201612
0.50186527,0.33823535
0.55172133,0.52534807
0.26754212,0.20037419
0.81097245,0.7611797
0.49189413,0.59184986
0.9804829,0.97342545
0.15287334,0.23835522
0.6813469,0.68701947
0.82094365,0.8173307
0.4021533,0.68596727
0.6713757,0.64402795
0.93062687,0.9074424
-0.0046716034,0.04717505
0.9625347,0.8190046
0.068118155,0.15088792
0.87079966,0.8551252
0.03321895,0.09684855
0.015270799,0.014136046
0.19275814,0.14877227
0.51183647,0.56345654
0.063132524,0.05047494
0.3822109,0.39824265
0.18278691,0.3975212
0.3124125,0.31782657
0.010285169,0.43542463
-0.0056687593,0.005860716
0.35229734,0.5637558
0.92065567,0.90465677
0.42209572,0.5288352
0.14290214,0.24660344
0.20272931,0.6198275
0.76111645,0.7655107
0.4121245,0.47903445
0.27252772,0.16786988
0.8867536,0.9033896
0.3822109,0.29535627
0.015270799,0.02469784
0.3822109,0.10365918
0.59160614,0.5727802
0.18278691,0.7154056
0.6215197,0.64218485
0.42209572,0.4094429
0.6584131,0.43965217
0.11298853,0.098918796
0.013276547,0.5485333
0.03321895,0.047553062
0.88077086,0.6304247
0.017464459,0.053999662
0.18278691,0.30231065
0.0044021606,0.01869309
0.0033053458,0.022388399
0.24261412,0.06873554
0.33235493,0.30504298
0.8608285,0.7522861
0.0033053458,0.03404227
0.9405981,0.9720734
0.83091486,0.74710083
0.013276547,0.83724165
0.12295973,0.14153707
0.13293093,0.38785237
0.19275814,0.19816451
0.76111645,0.42794603
0.7212317,0.74424934
0.55172133,0.47646993
0.19275814,0.32600963
0.27252772,0.25168878
0.33235493,0.37836877
0.10301733,0.18797441
0.0561527,0.07949352
0.8508573,0.7085108
0.11298853,0.14072916
0.21270053,0.043480486
0.76111645,0.669596
0.92065567,0.26263753
0.013276547,0.07162857
0.024244875,0.016569227
0.063132524,0.03836757
0.45200932,0.6581594
0.1359223,0.07382834
0.023247749,0.04388839
0.47294885,0.4390978
0.11298853,0.18090627
0.03820452,0.12426785
0.009288043,0.011160433
0.09304613,0.16746254
0.64943904,0.6077602
0.10301733,0.032865226
0.13791652,0.18978138
0.8628227,0.1397372
0.71126056,0.9464591
0.82094365,0.8600172
0.013276547,0.009953529
0.6614045,0.6569177
0.14290214,0.7038612
0.50186527,0.8730685
0.19275814,0.9218543
-0.0064664185,0.057656735
0.81097245,0.71266055
0.0033053458,0.01129663
0.91068447,0.81984997
0.8608285,0.7659796
0.023247749,0.024796903
0.92065567,0.78102946
0.0082909465,0.024831116
0.22267173,0.2938218
0.50186527,0.51574296
0.10102311,0.18454719
0.5716637,0.53552854
-0.002178818,0.0069779456
0.0008125603,0.04306829
0.042192996,0.060864925
0.6215197,0.61999154
0.3822109,0.2209639
-0.0054493845,0.024978459
0.17680421,0.1077078
0.12295973,0.22242677
0.990454,0.66870594
0.93062687,0.8752839
0.013276547,0.020181477
-0.003973633,0.04936263
0.09304613,0.11743002
0.0033053458,0.19627297
0.9705117,0.8699052
0.5716637,0.5733362
0.14290214,0.101201266
-0.0048710406,0.00496307
0.09304613,0.5506438
0.13492517,0.16378988
0.08915737,0.052452207
0.073103726,0.042364508
0.54175013,0.6688242
0.10301733,0.09493771
0.050668538,0.045313597
0.3921821,0.45838395
0.25258532,0.26642933
0.02025637,0.0899691
-0.006227106,0.0040468574
0.18278691,0.13185547
0.6883267,0.63106245
0.6414621,0.7654625
-0.0046716034,0.015999168
-0.0046716034,0.010855913
0.72322595,0.96338814
0.067121,0.08515215
0.026239097,0.43994904
0.0023082495,0.03706667
0.23264292,0.21117938
-0.004970759,0.008981496
0.91068447,0.83077335
0.6015773,0.72833824
-0.002677381,0.0011692345
0.69131804,0.6684613
0.87079966,0.78743833
0.39617062,0.44525787
0.53177893,0.6617132
0.15287334,0.16681966
0.81097245,0.7258173
-0.0032756627,0.0011060238
0.990454,0.8512186
0.8608285,0.8506568
0.9505692,0.6451695
0.9405981,0.89391226
0.013276547,0.10223013
0.9804829,0.33464164
0.019259274,0.007064432
0.4121245,0.44648814
0.8508573,0.85242426
0.69131804,0.75937855
0.32238373,0.38636968
0.22267173,0.15600638
0.09304613,0.74554205
0.8408861,0.8611973
0.037207425,0.022290379
0.35030308,0.24727197
0.76111645,0.95761305
0.00031396747,0.015188724
0.3423261,0.3885863
0.03321895,0.036676586
0.92065567,0.9043898
0.6015773,0.849272
0.23264292,0.1438677
0.83091486,0.83717525
0.50186527,0.13090065
0.86381984,0.79050034
0.3124125,0.43867338
0.032221824,0.1806926
0.6215197,0.56040734
0.3423261,0.34866828
0.8010013,0.15388978
0.55172133,0.5048928
0.32238373,0.5260497
0.23264292,0.38414657
0.3722397,0.26114917
0.75114524,0.69173336
0.29247013,0.2938976
0.03321895,0.12449494
0.04319015,0.047240347
0.3722397,0.30996028
0.13293093,0.081870526
0.76709926,0.6754099
0.32537508,0.44181415
0.04319015,0.06120941
0.91068447,0.9149367
0.73120296,0.9131245
0.30244133,0.18510672
0.38320804,0.24458341
0.3921821,0.45128116
0.02025637,0.026018173
0.15287334,0.060624897
0.6314909,0.61063135
0.6314909,0.65173817
0.6414621,0.63667834
0.026239097,0.07591689
0.14290214,0.15251869
0.82094365,0.2055035
0.19275814,0.117623806
0.3921821,0.33631173
0.9505693,0.96437913
0.010285169,0.042717397
0.6414621,0.668319
0.55172133,0.3129059
0.990454,0.27484748
0.13293093,0.09362221
0.7910301,0.76138735
0.7012893,0.57118845
0.052164227,0.88904893
0.49189413,0.55477244
0.09304613,0.08424276
-0.006067604,0.12039557
0.81097245,0.8970375
0.02025637,0.037851036
0.8867536,0.93246335
0.76111645,0.65362275
0.7212317,0.77794677
0.83091486,0.7964427
0.6115485,0.41059875
0.10102311,0.07377255
0.6713757,0.67268413
-0.0056687593,0.007814139
0.023247749,0.31150457
0.3423261,0.5214099
-0.0056687593,0.0046873987
0.4021533,0.07735968
0.10301733,0.15251149
0.09304613,0.054166555
0.013276547,0.13106638
0.51183647,0.100096494
0.6414621,0.66675764
0.053161323,0.7109897
0.14589348,0.12678714
-0.002677381,0.0053908825
0.82094365,0.84589374
0.71126056,0.9409006
-0.00068312883,0.011240035
0.5816349,0.22299425
0.034216046,0.020575702
0.51183647,0.32917985
0.0013110936,0.009111971
0.9505692,0.9801475
0.9405981,0.5908829
0.0082909465,0.030399948
0.03321895,0.08516601
0.09304613,0.87702256
0.3622685,0.31177747
0.9276355,0.91291964
0.119968385,0.19545078
0.14290214,0.23546633
0.12295973,0.16232817
0.4420381,0.43625772
0.82094365,0.8106475
0.6414621,0.6592752
0.08307493,0.10572219
0.6813469,0.64658296
0.10301733,0.16360332
0.053161323,0.080336094
-0.0066159964,0.00054356456
-0.0046716034,0.0048705935
0.990454,0.98649853
0.054357886,0.14589693
0.42209572,0.24900675
0.17979558,0.18193536
0.5816349,0.63734233
0.032221824,0.0320535
0.15287334,0.16357002
-0.006566137,0.005194664
0.3423261,0.41087916
0.26255655,0.3308628
0.0033053458,0.04892841
0.7641078,0.28654408
0.28249893,0.56803334
0.50186527,0.6998929
-0.0025776625,0.008533657
0.3622685,0.3200464
0.0033053458,0.034432918
0.0023082495,0.016566128
0.18278691,0.18912487
0.12794535,0.15342239
0.3822109,0.2876386
0.42209572,0.34327248
0.053161323,0.64962053
0.005299568,0.0054757595
0.13293093,0.12408404
0.6713757,0.5020401
0.0072938204,0.09556207
0.42209572,0.3095128
0.013276547,0.051352203
0.22267173,0.24871993
0.6015773,0.70691705
0.5417501,0.7290844
0.73120296,0.6712699
0.3423261,0.9746303
0.0661239,0.34929493
0.5616925,0.49073666
0.0033053458,0.019177824
0.89074206,0.81195986
0.3423261,0.36932638
0.11298853,0.15175496
0.7910301,0.7153618
0.81097245,0.38352722
0.013276547,0.019686967
0.46198052,0.7423276
0.3124125,0.58949065
0.05914405,0.08276379
0.24261412,0.32928202
0.4420381,0.07069233
-0.005977839,0.0066295564
0.2555767,0.40571082
0.58362913,0.07557866
0.8508573,0.8107772
0.24759972,0.694788
0.19574949,0.076511264
-0.002178818,0.002698511
0.4151159,0.5328599
0.0561527,0.062490076
-0.00068312883,0.022041649
0.73120296,0.67672455
0.04319015,0.032702446
0.8408861,0.79577804
0.55172133,0.45268312
0.12295973,0.030376911
0.73120296,0.7584308
0.8508573,0.59987396
0.7012893,0.7074866
0.91068447,0.82820415
0.3921821,0.3548358
0.04319015,0.04211119
0.89074206,0.9049067
0.13293093,0.26766774
0.6713757,0.5669453
0.063132524,0.05064583
0.4719517,0.23923191
0.6115485,0.6211009
0.15287334,0.054356247
-0.00068312883,0.05400759
0.7411741,0.6933467
0.14290214,0.122471705
0.7910301,0.79818296
0.09803173,0.055398583
0.82094365,0.29072884
0.76111645,0.21912803
0.42209572,0.53694576
0.15287334,0.24149427
-0.0051701963,0.012147129
0.005299568,0.018455029
-0.00068312883,0.01345855
0.46198052,0.38554955
0.17480998,0.015531898
0.71126056,0.7858215
0.73120296,0.80452394
0.18278691,0.2055389
0.33235493,0.37076178
-0.006207168,0.0044724047
0.013276547,0.049033016
0.6115485,0.6370918
0.4420381,0.5118556
0.29247013,0.10562861
0.035213202,0.053562015
0.91068447,0.600091
0.77108765,0.85973036
0.7910301,0.71677095
0.25258532,0.49687326
0.9804829,0.6941155
0.18278691,0.09983361
0.7212317,0.71088374
0.005299568,0.04067868
0.9705117,0.7626562
0.03321895,0.016711414
0.053161323,0.14179046
0.17281574,0.14869456
0.29247013,0.44287676
0.14589348,0.04982239
0.6314909,0.62741625
-0.006566137,0.0046211183
0.14290214,0.099108666
0.42010146,0.045208663
0.7411741,0.547464
0.0033053458,0.04206294
-0.004532039,0.0064120293
0.48192292,0.41563568
0.565681,0.58493876
0.75114524,0.6523038
0.92065567,0.9067825
0.9804829,0.1450226
0.4121245,0.27786073
0.09304613,0.14083388
-0.0036745071,0.9083852
0.53177893,0.4832337
0.031224668,0.016745448
0.55172133,0.681926
0.9007133,0.68946856
0.29247013,0.24252139
0.45200932,0.30980462
0.43206692,0.5526695
0.08307493,0.10044372
0.6215197,0.6238829
0.07210663,0.14717244
0.0033053458,0.074208796
0.10102311,0.077795595
0.31241253,0.42918015
0.08806053,0.1513195
0.073103726,0.4592577
0.13293093,0.06585413
0.8608285,0.09388253
0.5716637,0.45285866
0.6614045,0.7316983
0.6115485,0.58893174
0.0033053458,0.022331893
0.6115485,0.7325296
0.0033053458,0.010049611
0.053161323,0.008412182
0.9804829,0.99771816
0.8558429,0.8521721
0.099028856,0.14639485
0.3921821,0.37300116
0.33235493,0.2225299
0.050967664,0.034359574
0.24261412,0.25328428
0.11298853,0.4923817
0.11508249,0.07223272
0.09304613,0.0886164
0.04917288,0.06703833
0.0411959,0.039799273
0.7810589,0.8805904
0.063132524,0.15789178
0.5616925,0.45495206
0.11298853,0.46921736
0.04319015,0.02278778
0.46198052,0.20952475
0.35030308,0.7916361
0.29845282,0.23639011
0.69131804,0.079945415
0.9007133,0.37902442
0.20272931,0.21214147
0.7810589,0.7793865
0.03321895,0.09010711
0.25258532,0.31547087
0.26255655,0.42642915
-0.0051701963,0.0028589666
0.0033053458,0.011247158
0.2864874,0.048333496
0.3921821,0.22700629
0.5816349,0.5848647
0.18278694,0.08824766
0.42209572,0.5123869
0.27751333,0.10539162
0.17979558,0.0917404
0.4121245,0.25205714
0.19275814,0.19234593
0.35229734,0.21930996
0.023247749,0.01901099
0.6215197,0.66107875
0.77108765,0.63830304
0.03321895,0.11660759
0.0072938204,0.020463169
0.15287334,0.19062412
0.89074206,0.56518567
0.6314909,0.74495894
0.0870634,0.054347456
0.0033053458,0.21130991
0.10800293,0.12773278
0.17281574,0.14988852
-0.0036745071,0.0138735175
0.49189413,0.47281918
0.027236223,0.14682178
0.35229734,0.25078028
-0.00347507,0.4362695
0.45200932,0.45500293
0.85085726,0.895842
0.25258532,0.43991333
0.8508573,0.38456923
0.6314909,0.5286032
0.27950758,0.0994755
0.5218077,0.45965928
0.094043255,0.14533827
0.91068447,0.38784483
0.24261412,0.31894445
0.0018096566,0.016273439
0.71126056,0.2803505
0.14988199,0.2557313
0.013276547,0.013046235
0.5716637,0.71707404
0.3822109,-0.0051860213
0.023247749,0.13811976
0.3124125,0.3784542
0.7411741,0.5933366
0.2067178,0.15399744
-0.00417307,0.12910517
0.88077086,0.74601555
0.12295973,0.20903778
0.87079966,0.88541853
0.7012893,0.78276914
0.3622685,0.3568527
-0.0046716034,0.0044620335
0.990454,0.9210201
0.82094365,0.80160564
0.49189413,0.4334138
0.6015773,0.7820835
0.5218077,0.31403482
0.015270799,0.084590346
0.3124125,0.41064504
0.19275814,0.39732993
0.5716637,0.5955161
0.49189413,0.73033637
0.24261412,0.15484874
0.25757092,0.16518407
0.005299568,0.014712274
0.83091486,0.8353281
0.063132524,0.14412044
0.4719517,0.11969949
0.93062687,0.8784155
0.5616925,0.6267762
-0.0046716034,0.014128596
-0.00068312883,0.034649014
0.82094365,0.617533
0.063132524,0.12883116
0.16284454,0.18951352
0.007991791,0.010546118
0.09304613,0.1568309
0.17281574,0.24346533
0.83490336,0.8986933
0.3722397,0.33895007
0.12295973,0.030954033
0.10301733,0.14067197
0.19275814,0.21217093
0.14290214,0.1576016
0.3423261,0.3362803
0.25258532,0.70746124
0.22267173,0.012196213
0.24261412,0.2328173
0.6414621,0.24715912
-0.0056687593,0.3811758
0.013276547,0.060220838
0.27252772,0.35527143
0.2615594,0.27509
0.023247749,0.18802264
0.5616925,0.44175437
0.09304613,0.018520951
0.030227572,0.06889981
-0.0035747886,0.003952861
0.87079966,0.80050695
0.09304613,0.19258241
0.73120296,0.40175638
-0.0061672926,0.0028907657
0.6414621,0.20362048
0.6115485,0.5644577
0.00031396747,0.16437402
0.45200932,0.5033399
0.9505693,0.968211
0.0142736435,0.0445787
0.6813469,0.7166718
0.0561527,0.13438071
-0.00068312883,0.0073997676
0.5716637,0.07711217
0.75114524,0.7287766
0.024244875,0.07072604
0.59160614,0.4385602
0.22267173,0.053156257
0.7411741,0.75688666
0.3822109,0.41371775
0.7910301,0.82241404
0.013276547,0.23631027
0.12295973,0.061115026
0.85085726,0.8916989
0.30244133,0.29283372
0.45200932,0.33838597
0.71126044,0.5217089
0.42309284,0.44685146
0.33235493,0.34130314
0.09304613,0.098675966
-0.0059678555,0.020852447
0.7810589,0.6242329
0.3423261,0.3709966
0.5616925,0.5779496
0.26255655,0.58348733
0.005299568,0.011328042
-0.0046716034,0.0010352135
0.82094365,0.74230874
0.73120296,0.59852535
0.27252772,0.24904078
0.01237911,0.025832415
0.15287334,0.040154666
0.13293093,0.052221417
0.96552604,0.6211549
0.16284454,0.061683536
0.23264292,0.25059795
0.71126056,0.58008265
0.32238373,0.21350342
0.19275814,0.16507013
0.27252772,0.2794535
0.27252772,0.12302002
0.44203812,0.4485517
0.12295973,0.23992871
0.04319015,0.06875199
0.49189413,0.62921476
0.73120296,0.801022
0.35229734,0.32279283
0.9804829,0.9445038
0.4021533,0.3169954
0.73120284,0.77202594
0.7810589,0.8042706
0.0033053458,0.025985867
0.33235493,0.57948923
0.7411741,0.81187373
0.16284454,0.27569485
0.3423261,0.50559765
0.46198052,0.51260555
0.8010013,0.21968378
0.89074206,0.8042765
0.25258532,0.2572578
0.45200932,0.78254986
0.6813469,0.6707343
0.43206692,0.06182888
0.13891365,0.07195479
0.27252772,0.268481
0.020455778,0.029928565
-0.0046716034,0.015324682
0.42209572,0.52151585
0.0033053458,0.11125982
0.0033053458,0.020265996
0.023247749,0.014503092
0.57066655,0.8313229
0.3722397,0.39162377
0.023247749,0.51075226
0.6015773,0.29851905
0.19475238,0.17287423
0.7012893,0.7371578
0.20272931,0.2110684
0.3622685,0.5017455
0.09304613,0.5475251
0.55172133,0.59959066
0.7810589,0.8732338
0.6614045,0.6987296
0.1508791,0.754423
0.022250652,0.011070222
0.09304613,0.09764904
0.4420381,0.48359296
0.011282295,0.03344369
0.0411959,0.06140408
0.013276547,0.030185372
0.9804829,0.67409897
0.08307493,0.16193442
0.8408861,0.85287094
0.09304613,0.12997635
0.023247749,0.09607297
-0.0016802847,0.0036299527
0.6414621,0.39413676
0.0770922,0.34433722
0.81097245,0.17681813
0.010285169,0.03996721
0.073103726,0.08479321
0.4420381,0.066325516
0.35229734,0.3059095
0.018262118,0.039934307
0.91068447,0.8344215
0.09803173,0.17040853
0.5816349,0.58633894
0.59160614,0.6462189
0.5616925,0.39715227
-0.0007828772,0.1006504
0.7810589,0.7869776
0.9804829,0.97542447
0.24061988,0.051274538
0.8757853,0.7231151
0.5417501,0.6011873
0.29247013,0.3189136
0.6953066,0.14443472
0.87079966,0.8260263
0.10301733,0.09660664
0.6713757,0.42364737
0.107005805,0.0872415
0.09304613,0.07164979
0.55172133,0.8096642
0.023247749,0.025417626
0.3722397,0.2718024
0.8408861,0.8791108
0.026239097,0.2280087
0.073103726,0.029843152
0.26255652,0.095859766
0.3622685,0.33360952
0.024244875,0.5154118
0.0461815,0.042883515
-0.005369574,0.00853315
-0.005838275,0.003555745
0.45200932,0.25294828
0.11298853,0.059377044
0.5218077,0.51910233
0.3722397,0.34563828
0.39018786,0.5434011
0.8408861,0.6525058
0.063132524,0.14409877
0.11298853,0.15126452
0.0033053458,0.06461057
0.51183647,0.30070275
0.7212317,0.6458891
0.9804829,0.6188149
0.16284454,0.52645946
0.0033053458,0.1875594
0.5218077,0.49215713
0.055155575,0.14087671
0.4719517,0.55616194
0.50186527,0.5349678
0.88077086,0.89803797
0.5616925,0.6849155
0.91068447,0.8613657
0.013276547,0.012362689
0.55172133,0.50703865
0.9405981,0.64778614
0.08307493,0.055945545
-0.0052998066,0.022978038
0.53177893,0.7166243
0.20272931,0.29637888
0.77607334,0.7983968
0.51183647,0.49718267
0.6614045,0.57936454
0.016267896,0.2692252
0.026239097,0.06039706
0.13293093,0.066803664
0.6215197,0.66271347
0.013276547,0.13742201
0.81097245,0.57626903
0.5816349,0.019918352
0.0033053458,0.0690971
0.4061418,0.40822136
0.53177893,0.44465426
0.38819364,0.08672902
0.89074206,0.8599962
-0.00334543,0.03803903
0.20272931,0.44931415
0.54175013,0.7571628
0.6713757,0.3873006
0.88475937,0.86963874
0.045184374,0.076480746
0.061138302,0.033365995
0.25757092,0.44160253
0.16284454,0.2934338
0.4021533,0.49327475
0.49189413,0.4763813
0.4420381,0.5108342
0.013276547,0.04426545
0.0033053458,0.05090019
0.91068447,0.91884875
0.0013110936,0.008772999
0.09105191,0.06288162
0.4021533,0.2085176
0.30244133,0.1981141
0.21270053,0.7177926
0.0033053458,0.029604375
0.7411741,0.71251166
0.22267173,0.30347794
0.81097245,0.66510105
0.83091486,0.90801656
0.4719517,0.4892985
0.6215197,0.5477511
0.5616925,0.39225274
-0.0023782551,0.044804513
0.023247749,0.048365206
0.7910301,0.6431242
0.009288043,0.014673293
0.3921821,0.47628468
0.30244133,0.38279092
0.002507627,0.057254195
-0.0056687593,0.0027855337
0.79103005,0.8420284
0.0033053458,0.015539408
-0.0016802847,0.023324192
0.11298853,0.072839975
0.20272931,0.35987097
0.76111645,0.6396711
0.17480998,0.16510591
0.006296724,0.012457073
0.31739813,0.27207536
0.13293093,0.28029576
0.22267173,0.24227753
0.8408861,0.8523514
0.013276547,0.014185578
0.0033053458,0.021286666
0.8408861,0.8758226
0.12295973,0.27353007
0.011282295,0.026208073
0.10301733,0.3371216
0.09304613,0.10712534
0.53177893,0.6325906
0.55172133,0.13924208
0.13293093,0.0983367
0.3822109,0.4296302
0.023247749,0.034430444
0.54175013,0.345391
0.0013110936,0.026921242
0.8010013,0.68004024
0.18278691,0.017005622
0.8508573,0.030742258
0.54175013,0.52248365
0.0033053458,0.017202884
0.10301733,0.07165414
0.4719517,0.38920015
0.14389923,0.12799779
0.89373344,0.91487706
0.3124125,0.32372043
0.55172133,0.65634906
0.25258532,0.39058086
-0.006566137,0.0056996644
0.027236223,0.063752055
0.013276547,0.09094635
0.50186527,0.1843089
0.73120296,0.6561184
0.5816349,0.5328071
0.13293093,0.1323554
0.26754212,0.7360708
0.053161323,0.17119516
0.12545252,0.12394737
0.8608285,0.89027965
0.3822109,0.4862312
0.4420381,0.29792878
0.46198052,0.4536523
0.15287334,0.17995617
0.063132524,0.13871573
0.11298853,0.1516015
0.3423261,0.28208905
0.3522973,0.19523348
0.8408861,0.5718811
0.0072938204,0.018496335
0.011282295,0.051719338
0.24261412,0.25931448
0.9645289,0.95912737
0.92065567,0.8711406
0.063132524,0.0084273815
0.2156919,0.117088586
0.46198052,0.32848662
0.005299568,0.037346452
0.7212317,0.73721355
-0.0056687593,0.0037509203
0.6414621,0.21092714
0.19275814,0.47181445
0.43206692,0.4416686
0.023247749,0.54795897
0.92065567,0.4884621
0.990454,0.89230436
0.0033053458,0.09678817
0.119968385,0.27310154
0.038503677,0.040459782
0.10002598,0.13733137
0.060141176,0.14881538
0.9705117,0.8458558
0.009288043,0.06449127
0.8508573,0.7879051
0.9804829,0.87070745
0.10301733,0.10723594
-8.484721e-05,0.008984685
0.04319015,0.6241342
0.54175013,0.47488183
0.8010013,0.79446316
-0.0056687593,0.08798072
0.053161323,0.080950886
0.06512678,0.05233437
0.86481696,0.88829994
0.17281574,0.092891514
0.08207783,0.13414623
0.14290214,0.171713
0.17281574,0.0068195164
0.024444312,0.047809273
0.9804829,0.87582785
0.6414621,0.82854116
-0.0016802847,0.025601894
-0.005269885,0.006255299
0.69131804,0.7770017
0.23264292,0.13383877
0.6713757,0.7293763
0.03321895,0.016339004
0.50186527,0.513956
0.49189413,0.7088572
0.54175013,0.4639583
0.5716637,0.47080672
0.19275814,0.22422788
0.3822109,0.3392163
-0.0046716034,0.046621203
0.0013110936,0.07252088
0.013276547,0.072550744
0.30244133,0.25653857
0.24261412,0.49869913
0.6713757,0.32777664
0.023247749,0.018916398
0.3124125,0.835716
0.71126056,0.36069688
0.57066655,0.49029794
0.13293093,0.26975557
0.0072938204,0.019046694
0.35229734,0.9097292
0.93062687,0.8594727
0.047178626,0.05610141
0.8010013,0.63707685
0.09304613,0.60143864
0.45200932,0.5543417
0.9605405,0.8072088
0.51183647,0.49778676
0.24261412,0.18476717
0.7411741,0.69189453
0.71126056,0.7328689
0.029230446,0.11799009
0.063132524,0.05596593
0.54175013,0.5983675
0.034216046,0.010030955
0.24361125,0.13622408
0.018262118,0.054308474
0.11298853,0.12503354
0.7810589,0.19439243
0.8010013,0.8076719
0.10301733,0.24433805
0.0033053458,0.06584427
0.94558364,0.6503243
0.82094365,0.8724639
0.88376224,0.8401967
0.15287334,0.13932276
-0.0036745071,0.016983598
0.19275814,0.07359019
0.87079966,0.44476455
0.8010013,0.9236303
0.51183647,0.8149112
0.0033053458,0.02933991
0.44203812,0.6878463
0.07004258,0.06558204
0.51183647,0.54071665
0.11298853,0.06033227
0.81097245,0.3497987
0.89074206,0.4440316
0.6693814,0.7273915
0.45200932,0.53164256
0.5616925,0.45764548
0.43206692,0.53422374
0.35229734,0.5876434
0.005299568,0.011338055
0.38819364,0.29658914
0.990454,0.98263377
0.155067,0.11918688
0.013276547,0.016598135
0.013276547,0.018310517
0.04319015,0.0722709
0.04319015,0.1383941
0.037207425,0.25323072
0.9505692,0.92582685
0.3622685,0.39355463
0.023247749,0.08250642
0.33235493,0.12948106
0.063132524,0.18917759
0.3822109,0.4048501
0.7212317,0.5019921
0.6115485,0.4384157
0.7212317,0.7740915
0.6115485,0.33268636
0.013276547,0.15568893
0.19275814,0.15236473
0.3622685,0.30032584
0.05914405,0.04612699
0.7122576,0.5874808
0.107005805,0.008547187
0.82094365,0.847929
0.0033053458,0.2137739
0.04319015,0.16780676
0.08307493,0.58608156
0.6015773,0.730773
0.7411741,0.76973045
0.0033053458,0.036534637
0.0033053458,0.024477065
0.3423261,0.40491492
0.004302472,0.041110158
0.77108765,0.89532226
0.013276547,0.01342234
0.9007133,0.37147486
0.4420381,0.47642016
0.29316813,0.003198862
0.7910301,0.7747656
0.11298853,0.059069216
0.0033053458,0.03256336
0.005299568,0.04523003
0.057149827,0.107794955
0.25258532,0.18071085
0.7411741,0.6303571
0.16284454,0.1607942
0.4420381,0.107174695
0.4420381,0.48329157
0.59160614,0.63288146
0.023247749,0.10179028
0.023247749,0.6470009
0.71126056,0.7406129
0.81097245,0.80448794
0.33235493,0.27710128
0.6025744,0.5230273
0.013276547,0.060997635
0.03321895,0.046812326
0.87079966,0.77635264
0.25258532,0.050492495
0.5716637,0.6859102
0.8408861,0.91775215
0.2824989,0.02014029
0.6414621,0.84755564
0.073103726,0.425146
0.24261412,0.28394225
0.13293093,0.3903551
0.8408861,0.97389615
0.43406117,0.79976356
0.023247749,0.028355777
0.03321895,0.059610754
0.023247749,0.16883577
0.013276547,0.038220048
0.15287334,0.32759172
-0.002677381,0.016984046
0.6015773,0.41959995
-0.0024081469,0.008900762
0.09304613,0.41412383
0.7012893,0.6899067
0.8010013,0.72284424
0.3124125,0.23524222
0.9405981,0.7380335
0.11298853,0.1075121
0.9405981,0.962213
-0.0046716034,0.031104475
0.49189413,0.5041257
0.8608285,0.8670715
0.7411741,0.7137568
0.20871206,0.2633856
0.33235493,0.24250081
-0.0056687593,0.010045797
0.063132524,0.04845932
0.016267896,0.17780837
-0.0044721663,0.005526364
0.013276547,0.013782233
0.013276547,0.030495346
0.16284454,0.15362546
0.02025637,0.011428624
0.04319015,0.031207561
0.4121245,0.24726674
0.35229734,0.48165435
0.13293093,0.08787355
0.4021533,0.3885589
0.55172133,0.47457382
0.49189413,0.57214546
0.6314909,0.68041277
0.54175013,0.5506707
0.50186527,0.5438835
0.21270053,0.21296461
0.12295973,0.024801701
0.19275814,0.20440699
0.0033053458,0.6438196
0.5716637,0.571043
0.89074206,0.95638984
0.27252772,0.22982268
0.53177893,0.77590734
0.057149827,0.010287911
0.82094365,0.50975573
0.4420381,0.76412034
0.048175752,0.059235692
-0.0056687593,0.010235071
0.5178192,0.7970119
0.54175013,0.45703006
0.12295973,0.15917005
0.48192292,0.7925098
0.6215197,0.51120406
0.6713757,0.6392466
0.88077086,0.71864223
0.46198052,0.37295842
-0.0064664185,0.0041267276
-0.006566137,0.027547807
0.24261412,0.2556615
0.9605405,0.8832663
0.073103726,0.6262618
0.2824989,0.4099414
0.51183647,0.502702
0.33235493,0.33600864
0.990454,0.5893844
0.8508573,0.80833554
0.4420381,0.65197706
0.65143335,0.70027554
-0.0059678555,-0.005720228
-0.0016802847,0.015604198
0.33235493,0.46688426
0.6314909,0.28746343
0.035213202,0.035822242
0.88077086,0.7464378
0.3822109,0.4645021
0.08307493,0.17299701
0.0033053458,0.48908573
0.77108765,0.8066577
0.3124125,0.21041554
0.055155575,0.071525365
-0.0036745071,0.0029435754
0.81097245,0.84608626
0.09304613,0.38251075
0.8329091,0.69631433
0.073103726,0.90022725
-0.002677381,0.007899225
0.3622685,0.35957846
0.6813469,0.59737873
0.5218077,0.46249306
0.25258532,0.3743472
0.7411741,0.7020229
0.23264292,0.56375766
-0.0056687593,0.007182449
0.7411741,0.8553096
0.8608285,0.80090165
0.21270053,0.33348903
0.07011238,0.029477239
0.93062687,0.69915843
0.3822109,0.29733697
0.27252772,0.52584916
0.16284454,0.7122561
0.3622685,0.18577528
0.5218077,0.5375146
1.4841557e-05,0.03076458
0.54175013,0.6521777
0.6713757,0.6874814
0.49189413,0.16212808
0.20272931,0.6849494
0.71126056,0.53839236
0.10301733,0.3916285
0.11298853,0.09081033
0.33235493,0.24057856
0.023247749,0.40282804
0.615537,0.60541534
0.54175013,0.9271063
0.2067178,0.1407986
0.22965157,0.20621955
0.55172133,0.2814448
-0.0064664185,0.0022845566
0.4011562,0.23532817
0.14290214,0.13041252
0.27252772,0.22911835
0.24261412,0.23075227
0.71126056,0.66659296
0.4021533,0.8308925
0.03321895,0.020580292
0.9804829,1.0038128
0.89074206,0.69948685
0.87079966,0.7697681
0.03321895,0.068119824
0.0033053458,0.030373603
0.87079966,0.86049753
0.4021533,0.5223951
-0.002677381,0.08607471
0.07908645,0.12006083
0.8608285,0.964715
-0.002677381,0.012966514
0.073103726,0.088483125
0.1708215,0.2073248
0.073103726,0.17005892
0.9007133,0.9257078
0.034216046,0.3954479
0.5716637,0.49486956
0.6514333,0.6764191
0.75513375,0.68562365
0.83988893,0.68009675
0.0033053458,0.022936434
0.17281574,0.20778428
0.54175013,0.6998085
0.11298853,0.5767937
0.42209572,0.39591277
0.023247749,0.72465813
0.17879845,0.12053311
0.005299568,0.06491402
0.015270799,0.017829955
0.11298853,0.29685727
0.9804829,0.72277856
0.053161323,0.08447024
0.5616925,0.7252875
-0.0020790994,0.02791652
0.3921821,0.33443645
0.75114524,0.6209146
0.7012893,0.73152816
0.50186527,0.46237534
0.5716637,0.5296649
0.5218077,0.60450673
0.9804829,0.5611634
0.26255655,0.17823745
0.6414621,0.25636703
0.3124125,0.2717178
0.9804829,0.27421308
-0.002168864,0.012144595
0.012279421,0.11113265
0.44203812,0.031148612
-0.0036745071,0.0019308627
0.3124125,0.24852118
0.87777954,0.8540793
0.4121245,0.29199785
0.04319015,0.101646274
0.5616925,0.57702833
0.32238373,0.8915518
0.005299568,0.03584662
0.6015773,0.59471726
0.14290214,0.2766766
0.4121245,0.21784909
0.5218077,0.21337758
-0.002677381,0.006172031
0.3423261,0.25566152
0.93062687,0.9366966
0.9605405,0.8489113
0.30244133,0.50926
0.7411741,0.8034942
0.0661239,0.11166127
0.49189413,0.6553343
0.6414621,0.41644907
0.87079966,0.5590821
0.3921821,0.095097035
0.15486757,0.08729631
0.6813469,0.37657923
0.063132524,0.11924423
0.058944643,0.026669592
0.6614045,0.19676432
0.063132524,0.08404714
0.0661239,0.015940994
0.0072938204,0.07317558
0.25258532,0.21652803
0.08307493,0.10218072
0.76909345,0.61069024
0.6614045,0.8429905
0.04319015,0.088309884
0.023247749,0.18493989
0.32238373,0.22506467
0.17281574,0.19165754
0.6115485,0.53809714
0.9405981,0.75111747
0.2156919,0.15613386
0.33135778,0.31080163
0.18278691,0.11696185
0.93062687,0.95619935
0.71126056,0.55931836
0.59160614,0.70404446
0.55172133,0.36275923
0.3646616,0.21790384
0.6115485,0.5871169
0.21270053,0.38161168
0.03321895,0.03398922
0.3622685,0.17776962
0.7810589,0.18647368
0.063132524,0.09452471
0.053161323,0.024913251
0.6015773,0.61866015
0.81097245,0.67953235
0.073103726,0.05918008
0.20272931,-0.0008852482
0.29247013,0.23819837
0.0411959,0.12454891
0.33235493,0.06998959
0.009288043,0.0055814087
0.08307493,0.03940946
0.30244133,0.6142249
0.13392806,0.15514803
0.11298853,0.06179145
0.022250652,0.08551374
0.024244875,0.076040685
0.9605405,0.9159274
0.17281574,0.5640234
0.38121378,0.7171776
0.11298853,0.14133653
-0.00068312883,0.027033597
0.10301733,0.18139072
0.35130018,0.5520963
0.53177893,0.5856296
0.03321895,0.013689697
0.89074206,0.9279766
0.08307493,0.16616923
0.32238373,0.15535556
-0.0056687593,0.00964731
0.8408861,0.83373564
0.023247749,0.0633935
0.53576744,0.48288107
-0.0056687593,0.014596552
0.057149827,0.8962488
0.023247749,0.7932278
0.33235493,0.34087518
0.0013110936,0.25811487
0.0023082495,0.014947504
0.0033053458,0.008830994
0.04319015,0.027681112
0.4420381,0.37123603
0.93062687,0.7539625
0.20272931,0.15078846
0.5816349,0.610808
0.10301733,0.05345297
0.42209572,0.3457527
0.06213543,0.05011505
0.69131804,0.5862042
0.59160614,0.370848
0.4121245,0.616204
0.9804829,0.9223832
0.10102311,0.11695708
0.4121245,0.51299554
0.13293093,0.13476343
0.25358245,0.10394305
0.026239097,0.10103139
-0.00068312883,0.0062709153
0.27252772,0.20467988
0.9405981,0.85785997
0.54175013,0.2024069
0.29247013,0.24996044
0.26255655,0.32228786
0.87079966,0.84850484
0.13293093,0.16961738
0.03321895,0.073703974
0.9405981,0.9002017
0.052164227,0.042214453
0.3822109,0.44003963
0.9705117,0.89335746
0.18378405,0.15765071
0.56468385,0.18925847
0.8508573,0.81393844
0.45200932,0.3780802
0.063132524,0.10318452
0.55172133,0.46556294
0.6713757,0.9136791
0.6414621,0.6039754
0.4719517,0.46808755
0.49189413,0.3950991
0.08506918,0.09036958
0.0072938204,0.007858723
0.068118155,0.24469587
0.6614045,0.103554726
0.10301733,0.15309204
0.26255655,0.3735329
0.6713757,0.72037566
0.7212317,0.78190196
0.009288043,0.025921583
0.08307493,0.034238756
-0.0056687593,0.1717988
0.42209572,0.8934345
-0.0036745071,0.013848513
0.82094365,0.7065588
0.3124125,0.32224756
0.35229734,0.602116
0.104014456,0.0042045116
0.24261412,0.2680298
0.6713757,0.75173867
0.5616925,0.4610195
0.27252772,0.07934639
0.5606954,0.60089517
0.004302472,0.06268272
0.09304613,0.23432297
0.3722397,0.40202534
0.023247749,0.061300397
0.51183647,0.9204474
0.03820452,0.06252703
0.94658077,0.92134404
0.7411741,0.47977942
0.09922826,0.054655164
0.018262118,0.08934268
0.6314909,0.60498136
0.6713757,0.38844773
0.14290214,0.10386282
0.7810589,0.8771377
-0.0036745071,0.0031065047
0.75114524,0.7288188
0.87079966,0.9023164
0.13293093,0.170974
0.14290214,0.16260129
0.8588342,0.9577295
0.91068447,0.87259495
0.08307493,0.20846085
0.73120296,0.7374531
-0.0056687593,0.25534773
0.5616925,0.15203843
0.13293093,0.6708487
0.30244133,0.3732408
0.45200932,0.39296603
0.03321895,0.023757517
0.48192292,0.54234356
0.0033053458,0.015114725
0.16284454,0.08589408
0.17281574,0.22017121
0.30942115,0.34515783
0.17281574,0.21555531
0.044187248,0.021980375
0.013276547,0.072184175
0.08008358,0.025914848
0.20272931,0.25771734
0.19275814,0.5263864
0.89074206,0.87051666
0.03321895,0.70528483
0.08307493,0.040684313
0.87079966,0.89684194
-0.0046716034,0.0038045347
0.055155575,0.09507325
0.0129773915,0.017358452
0.061138302,0.26950467
0.6614045,0.72415996
0.33235493,0.3388687
0.02823335,0.023831666
0.81097245,0.854736
-0.0036745071,0.0049078166
0.03321895,0.1117468
-0.006566137,0.009041697
-0.0056687593,0.008064598
0.18278691,0.22629304
0.067121,0.10551432
0.55172133,0.12104195
0.013276547,0.08724332
0.3921821,0.21585386
0.0023082495,0.006504655
0.65143335,0.951831
0.03321895,0.04760787
0.24261412,0.2486791
0.12295973,0.10988209
0.45200932,0.4834454
0.77108765,0.7981845
0.09304613,0.27130756
0.3822109,0.17598209
0.3622685,0.35147947
0.023347467,0.024490476
0.17281574,0.1659892
0.42209572,0.4386636
0.3423261,0.07645935
0.6015773,0.56935275
0.46198052,0.37287647
0.042192996,0.10106829
0.6215197,0.6343466
0.71126056,0.69852376
0.81097245,0.2999882
0.053161323,0.053821027
0.013276547,0.049019754
0.6713757,0.63694847
0.71126056,0.75139916
0.07509798,0.15395403
0.12295973,0.28207323
0.89074206,0.84054327
0.5218077,0.62115014
0.08307493,0.138988
0.4021533,0.09781617
0.9405981,0.80517364
0.023247749,0.28102311
0.063132524,0.073623
0.061138302,0.1243342
0.3124125,0.29358056
0.35229734,0.19959722
0.023247749,0.066179305
0.44203812,0.5249551
0.8209437,0.9671035
0.16284454,0.08569759
0.46198052,0.5295511
0.53177893,0.42411885
0.11298853,0.1373848
0.48192292,0.117501855
0.3423261,0.27569526
0.9405981,0.92859334
0.53177893,0.28093067
0.16882725,0.07171321
0.0033053458,0.0069570243
0.011282295,0.012789667
-0.00068312883,0.023379415
0.29247013,0.4710285
0.089057654,0.10797863
0.9804829,0.5259551
0.16284454,0.15689887
0.9804829,0.9723428
0.013276547,0.0012778342
0.30244133,0.38633937
0.34930596,0.13597232
0.19275814,0.2148951
-0.0036745071,0.00395602
0.00031396747,0.0018261671
0.59160614,0.29496843
0.42209572,0.42478368
0.03820452,0.012627125
0.3622685,0.036269397
0.04319015,0.18255125
-0.0016802847,0.56136596
0.14888485,0.1399855
0.43206692,0.07984623
0.10301733,0.43885908
0.8408861,0.8840281
0.013276547,0.073189616
0.16583589,0.13504419
0.5616925,0.5662858
0.55172133,0.5716859
0.26255655,0.35910693
0.04319015,0.13246883
0.20272931,0.16605397
0.3622685,0.34235877
0.073103726,0.11378835
0.09304613,0.025875181
0.08008358,0.118782595
0.053161323,0.069275856
0.063132524,0.10107425
0.0033053458,0.12026842
0.023247749,0.013273001
0.3622685,0.3120106
0.08307493,0.08005303
0.045184374,0.2827564
0.035213202,0.025062323
0.6713757,0.2782793
0.27252772,0.24785513
0.11298853,0.0984132
0.006296724,0.007729888
0.990454,0.46484163
-0.0056687593,0.081551105
0.053161323,0.019943267
0.42209572,0.5143615
0.93062687,0.6718818
0.59160614,0.2106155
0.2765162,0.39288735
0.3622685,0.5910822
0.013276547,0.28959498
0.49189413,0.744305
0.32238373,0.15415688
0.0033053458,0.013332397
0.30244133,0.023694456
0.77108765,0.5819502
0.24261412,0.19738697
0.025241971,0.03970644
-0.0046716034,0.0017817914
0.063132524,0.21209235
0.8508573,0.96268344
0.12295973,0.021097094
0.6614045,0.30101135
0.6015773,0.78455466
0.3373405,0.2604962
0.03321895,0.052501827
0.19275814,0.93022156
0.46198052,0.5951046
0.0011116862,0.00940752
0.59160614,0.09705639
0.26255655,0.46471015
0.28449315,0.28985745
0.07011238,0.1410062
0.5816349,0.6281146
0.09304613,0.60938
0.75114524,0.7888104
0.92065567,0.9709443
0.8408861,0.6587475
0.24261412,0.27979505
0.027236223,0.0819087
0.42209572,0.6855871
0.75114524,0.7806884
0.031224668,0.7481885
0.14290214,0.27772835
0.27252772,0.18485801
0.73120296,0.7187822
0.01018545,0.026172131
0.10301733,0.49282598
0.7012893,0.5297402
0.039201677,0.022566736
0.09304613,0.071527034
0.50186527,0.6157703
0.53177893,0.75315523
0.0661239,0.027225494
0.23264292,0.6160027
-0.00068312883,0.0015624464
0.13293093,0.18120037
0.14489637,0.0781298
0.7012893,0.49312901
-0.0045719147,0.0061799884
-0.0036745071,0.014641404
0.11298853,0.081613064
0.07509798,0.044669002
0.3124125,0.2782154
0.49189413,0.42810702
0.4121245,0.35136518
0.24261412,0.33170605
0.82094365,0.75906354
0.9007133,0.8956892
0.47793442,0.35559627
0.81097245,0.60076267
0.0082909465,0.009603083
0.053161323,0.050824642
0.7012893,0.75517
0.0033053458,0.01080662
0.09304613,0.13827412
0.19275814,0.48102018
-0.0030762255,0.0025909543
0.54175013,0.4961952
-0.0016802847,0.275924
0.63448226,0.6738131
0.7810589,0.79383093
0.9007133,0.7711863
0.6215197,0.5747816
0.6115485,0.30934277
0.0072938204,0.08048448
0.7810589,0.86859334
0.3921821,0.28585276
0.16882725,0.31563455
0.23264292,0.14462472
0.7212317,0.73217607
0.15287334,0.33763006
0.2824989,0.22009797
0.4719517,0.4487368
0.24261412,0.26620314
0.34830883,0.30062664
0.3423261,0.49053276
0.0006131232,0.035148352
0.04179418,0.012771457
0.14389923,0.16220623
0.03321895,0.4455211
0.0461815,0.043198228
0.5816349,0.5575843
0.24261412,0.24258375
-0.0034351945,0.020546973
0.8608285,0.5844649
0.6963037,0.7682823
0.21270053,0.24663797
0.3423261,0.42141217
0.7012893,0.6863096
0.17281574,0.25377166
0.69131804,0.54539263
0.0033053458,0.021502525
-0.0036745071,0.016752034
0.063132524,0.052117944
0.013276547,0.13496554
0.073103726,0.03644818
0.0033053458,0.03482613
0.07908645,0.37716636
0.052164227,0.066550046
0.2824989,0.4159378
0.073103726,0.17197542
0.0362103,0.07602447
0.21270053,0.13884017
0.87079966,0.9106619
0.0033053458,0.0048753023
0.7411741,0.6397326
0.10600868,0.6204237
0.04319015,0.10806283
0.11298853,0.114578635
0.9605405,0.5119351
0.04319015,0.2810731
0.5507242,0.17333852
0.62351394,0.15422288
-0.002677381,-0.00017023087
0.30244133,0.31545642
0.023247749,0.07784158
0.50186527,0.49356192
0.45200932,0.2126976
0.43206692,0.35447973
0.031224668,0.02248308
0.17281574,0.15404278
0.053161323,0.18078047
0.27153063,0.49177903
-0.0040733516,0.017876476
0.35229734,0.40092117
-0.0019793808,0.0037121773
-0.0036745071,0.013006479
0.023247749,0.054596037
0.4121245,0.5660544
0.09304613,0.12454395
0.16284454,0.25895658
0.026239097,0.33999994
0.4420381,0.4325303
0.24261412,0.26412866
0.17281574,0.31081328
0.5616925,0.5411194
0.46198052,0.5188004
0.063132524,0.04454446
0.5716637,0.044958293
0.7012893,0.71394694
0.6314909,0.38377687
0.023247749,0.029791355
0.77108765,0.87722987
0.8498602,0.012711167
0.30244133,0.30828068
0.17780133,0.25128245
-0.0023782551,0.04102391
0.018262118,0.011176825
0.019159526,0.011052549
0.6015773,0.37440124
0.00031396747,0.027361691
0.5666781,0.593211
0.89074206,0.980362
-0.0035747886,0.00861758
0.8857565,0.8735344
0.6614045,0.60223633
0.51183647,0.60306835
0.54175013,0.6453674
-0.0036745071,0.025291711
0.6314909,0.59387934
0.82094365,0.81555814
0.3173981,0.39052376
0.017265022,0.048637867
0.46198052,0.62083364
0.24261412,0.13924842
0.8608285,0.85351586
0.08307493,0.1502048
0.14290214,0.21337038
0.12295973,0.22188793
0.52280486,0.56003827
-0.0056687593,0.0047929585
0.023247749,0.030832559
0.3124125,0.14391041
0.23762852,0.021898568
0.92065567,0.725212
0.5716637,0.5552887
0.013276547,0.25034407
0.6414621,0.23988317
0.71126056,0.760718
0.46198052,0.5997723
0.6414621,0.3948852
0.21270053,0.2257686
0.3921821,0.42338663
0.1508791,0.021820456
0.048175752,0.02307278
-0.006067604,0.0086943805
0.65143335,0.752789
0.17281574,0.1999515
0.037207425,0.38648805
0.30244133,0.14025156
0.024244875,0.02073738
0.25258532,0.51757216
0.0033053458,0.046586394
0.9505692,0.80148
0.063132524,0.043308616
0.25258532,0.29924288
0.20272931,0.25872505
0.79103005,0.78526807
0.33036068,0.3380022
0.20272931,0.23067822
0.51183647,0.038679004
-0.002677381,0.0061719418
0.013276547,0.13512173
0.09304613,0.18799457
0.053161323,0.45766047
0.9705117,0.98164684
0.8508573,0.87397254
0.7212317,0.6860057
0.24261412,0.30361915
0.46198052,0.4342604
0.88077086,0.88146085
0.08307493,0.4942178
0.47195172,0.4089508
0.5816349,0.7307236
0.0033053458,0.04716012
0.3722397,0.44323137
0.15287334,0.17250663
0.016267896,0.009860724
0.4719517,0.21339402
0.89772195,0.78227884
0.46198052,0.31707168
0.46198052,0.5169817
0.055155575,-0.0044053793
0.24261412,0.23052894
0.15287334,0.14485954
0.17281574,0.18994947
0.50186527,0.41508675
0.69131804,0.7908684
0.71126056,0.4334966
0.6015773,0.1859213
0.063132524,0.09396243
0.17281574,0.51173276
0.4121245,0.36880976
0.83091486,0.78129494
0.018262118,0.08605397
0.063132524,0.1730113
0.4021533,0.09261119
0.009686887,0.016019076
0.6215197,0.37277
-0.0064664185,0.06520131
0.14888485,0.21551354
0.88077086,0.83958775
0.023247749,0.19416942
0.021253496,0.028118312
0.023247749,0.032755047
0.43206692,0.32735005
0.04319015,0.020059139
0.06412965,0.09386018
0.45200932,0.3657493
0.990454,0.7946358
0.82094365,0.29387957
0.057548672,0.06541169
0.06512678,0.071950525
0.85085726,0.8195143
-0.0046716034,0.0027385652
0.27252772,0.21864133
0.15287334,0.09147301
0.69131804,0.47422394
0.6713757,0.6764895
0.3622685,0.26716217
0.068118155,0.08976841
0.33235493,0.18335208
0.16284454,0.09836221
0.11298853,0.07969746
0.5716637,0.40881854
0.6713757,0.94127387
0.013276547,0.14134738
0.65143335,0.6654855
0.32238373,0.5253011
0.50186527,0.52698874
0.71126056,0.7411855
0.12295973,0.17447181
0.09414297,0.069360614
0.13293093,0.2220866
-0.00068312883,0.016951203
0.71126056,0.84183604
0.17281574,0.1845641
0.7411741,0.7573543
-0.0046716034,0.011325359
0.03321895,0.07191461
0.33434916,0.5327933
0.11298853,0.11656262
0.9007133,0.4944467
0.9804829,0.9875816
0.6115485,0.59545773
0.3921821,0.77023864
0.8408861,0.93806833
0.0033053458,0.018562049
0.18278694,0.6994586
0.81097245,0.40306237
0.18278691,0.09799984
0.13293093,0.15737402
0.08307493,0.16518666
0.71126056,0.654439
0.24261412,0.26649356
0.83091486,0.88381654
0.9216528,0.4617072
0.6414621,0.6286848
0.4021533,0.4684099
0.053161323,0.16167016
0.073103726,0.09843168
0.011282295,0.026102602
0.03321895,0.049020827
0.4021533,0.27545974
0.8608285,0.9419547
0.45200932,0.60548455
0.8010013,0.79373354
0.9505692,0.888671
0.013276547,0.021140814
0.7910301,0.269208
0.4719517,0.529078
0.48192292,0.30304608
0.43206692,0.49746382
0.50186527,0.46157137
-0.0036745071,0.005151719
0.48391718,0.3057017
0.13293093,0.08469489
0.19275814,0.49340865
-0.0046716034,0.0072036088
0.08806053,0.06061682
0.85085726,0.80093354
0.7212317,0.72836745
0.50186527,0.5285215
0.17480998,0.12513429
0.29247013,0.38624206
0.9405981,0.9205068
0.32238373,0.9079086
0.010285169,0.3924385
0.3722397,0.24244967
0.053161323,0.0174779
0.013276547,0.05345267
0.7810589,0.84858346
0.3822109,0.73672533
0.0033053458,0.055374235
0.50186527,0.5214557
0.27252772,0.26428854
0.91068447,0.8638437
0.3921821,0.29444057
0.49189413,0.7107883
0.4121245,0.26158792
0.06412965,0.10029021
-0.004970759,0.004690677
0.0033053458,0.033816785
0.03321895,0.036980152
0.8608285,0.48191214
0.27252772,0.30059728
0.053161323,0.98956954
0.3522973,0.21156847
-0.00038400292,0.0077899992
0.9405981,0.8648617
0.32238373,0.040197313
0.4121245,0.54538476
0.34432036,0.060726583
0.48192292,0.52230847
0.20272933,0.51457834
0.33235493,0.034152538
0.5716637,0.16988698
-0.0036745071,0.012205213
0.75114524,0.92475975
0.27252772,0.31924748
0.0033053458,0.11247265
0.7022864,0.51537806
0.83091486,0.8043635
-0.0046716034,-0.00054872036
0.006296724,0.054419905
0.03820452,0.07812202
0.3722397,0.34955806
0.71126056,0.67579055
0.08307493,0.052345216
0.55172133,0.5175122
0.6215197,0.59748626
0.024244875,0.022892743
0.48192292,0.3980556
0.04319015,0.048868507
0.6215197,0.58107924
0.08307493,0.18824813
0.990454,0.9173712
0.031224668,0.16015802
0.43206692,0.24917415
0.50186527,0.75816476
0.4420381,0.33675042
0.3921821,0.4507845
0.2216746,0.23426825
-0.00605762,0.009080976
0.010285169,0.00027027726
0.9007133,0.57537204
0.9405981,0.93213254
0.019259274,0.049327493
0.026239097,0.01975283
0.9007133,0.5009789
0.32238373,0.33222607
0.87079966,0.14011492
0.18278691,0.24649122
0.45200932,0.49577302
0.9605405,0.5160389
0.26255655,0.12940505
0.81097245,0.88894475
0.013276547,0.035402685
0.990454,0.95339847
0.30483443,0.33015332
0.6314909,0.6036385
0.59360033,0.6160114
0.20272931,0.054564536
0.23264292,0.21403602
0.7212317,0.5519843
0.0033053458,0.06020665
0.0033053458,0.015941024
0.055155575,0.18343806
0.42209572,0.42221695
0.8807709,0.13100938
-0.0056687593,0.0106956065
0.0013110936,0.013533145
0.0006131232,0.010011196
0.19375525,0.20757511
0.69131804,0.781214
0.016267896,0.04738328
0.55172133,0.7110497
0.9605405,0.92429173
-0.0036745071,0.0009326339
0.88077086,0.85236233
0.023247749,0.039150327
0.6015773,0.6282374
0.990454,0.9747784
0.73120296,0.8112539
0.013276547,0.028570086
0.89074206,0.52794737
0.990454,0.5422537
0.2615594,0.13624276
0.005299568,0.039953083
0.77108765,0.6945276
0.010285169,0.018688828
0.6015773,0.6323798
0.7012893,0.8704326
0.03321895,0.007576436
0.88077086,0.4403631
0.09304613,0.17571282
0.7930243,0.9563809
0.48790562,0.31774625
0.6115485,0.6483762
-0.005469322,0.25176013
0.08307493,0.06928003
0.48192292,0.25113413
0.09304613,0.16637278
-0.0056687593,0.037300855
0.15287334,0.15915084
0.3822109,0.30382666
0.0770922,0.780485
0.03321895,0.15414026
-0.002677381,0.021030009
0.8408861,0.84139943
0.44203812,0.5188317
0.10501158,0.19042067
0.3722397,0.17688164
0.81097245,0.7234292
0.51183647,0.6734574
0.08307493,0.133704
0.9405981,0.91339785
0.89074206,0.5552494
0.93062687,0.9164878
0.7012893,0.54294664
0.073103726,0.03237593
-0.005060494,0.0123055875
0.13293093,0.01618421
0.3822109,0.28875244
0.04319015,0.1594635
0.2864874,0.19475998
0.83091486,0.8658255
-0.003764242,0.006105721
-0.0036745071,0.010569245
0.54175013,0.6611294
0.0072938204,0.31580076
0.08307493,1.0036315
0.063132524,0.04518801
0.50186527,0.6165118
0.010285169,0.005961895
0.69131804,0.65300226
0.24261412,0.24446517
0.21270053,0.19426498
0.013276547,0.041815072
0.30244133,0.7384082
0.3124125,0.44697028
0.012279421,0.005390644
-0.0058681667,-0.00035059452
0.00031396747,0.011881083
0.0033053458,0.01110813
0.4021533,0.60052574
0.990454,0.97841805
0.13293093,0.16253221
0.8408861,0.76910067
0.031224668,0.04860747
0.04319015,0.061615914
0.009288043,0.030498415
0.54175013,0.7807343
0.45200932,0.60024464
-0.0046716034,0.0042348206
0.51183647,0.23385122
0.8010013,0.77596307
0.9007133,0.88282955
0.3822109,0.73576903
0.032221824,0.049336195
0.53177893,0.37221333
0.89074206,0.88791496
0.8508573,0.37511462
0.33235493,0.44076976
0.14489637,0.2492899
0.14290214,0.28464967
0.17281574,0.17771038
0.12794535,0.037480205
0.76111645,0.5845554
0.040198773,0.54040307
0.17281574,0.060635895
0.8408861,0.25085646
0.7930243,0.77462476
0.3622685,0.33095858
0.26255655,0.19795398
0.9705117,0.34208634
0.03321895,0.034282595
0.65143335,0.83421195
0.5916061,0.8560709
0.5716637,0.64491844
0.13293093,0.10421115
0.053161323,0.02607286
0.3921821,0.38773155
0.19275814,0.14596714
0.02025637,0.07152939
-0.0036745071,0.032484293
0.073103726,0.5258218
0.025441408,0.014748633
0.24261412,0.15888269
0.42209572,0.7253676
0.18278694,0.25529337
0.24261412,0.51028615
0.71126044,0.57610995
0.12295973,0.13781284
0.33235493,0.2915216
0.73120296,0.6503042
0.11298853,0.3832889
0.51183647,0.84318256
0.5616925,0.4892492
0.75114524,0.6420374
0.063132524,0.48684776
0.47195172,0.36792165
0.81097245,0.7994306
0.45200932,0.1551255
0.8608285,0.38849914
0.5916061,0.50112224
0.26255655,0.14510831
0.9804829,0.93862176
0.6215197,0.65109813
0.015270799,0.011484742
0.48192292,0.44611737
0.45200932,0.45923838
0.076095104,0.115249395
0.8508573,0.90709347
-0.0046716034,0.0056637228
0.25258532,0.107189685
0.4719517,0.53308266
-0.0046716034,0.013841897
0.0033053458,0.031603396
0.25258532,0.46005625
0.33235493,0.52034616
-0.005469322,0.005975038
0.9605405,0.7579909
0.43206692,0.9645238
0.15287334,0.0126881
0.16284454,0.17772232
0.21270053,0.65237427
0.53177893,0.79166675
0.017265022,0.05592996
0.35828003,0.4055217
0.00031396747,0.01412937
0.6713757,0.8018309
0.8010013,0.78924906
0.59160614,0.47654757
0.08307493,0.10441032
0.03321895,0.03290564
0.65043616,0.8092996
0.7411741,0.054745793
0.76111645,0.5752381
0.49189413,0.57699
0.5218077,0.57699025
0.13293093,0.019303411
0.59160614,0.72760373
0.6115485,0.6467
0.04319015,0.09990102
-0.0036745071,0.022181362
0.14130674,0.130902
0.7810589,0.23455112
0.82094365,0.85388994
0.030227572,0.1360678
0.50186527,0.894784
0.27252772,0.18728805
0.3722397,0.50535786
0.9405981,0.9401592
0.3622685,0.3350388
0.044187248,0.007732719
0.9405981,0.945033
0.42209572,0.42031583
0.50186527,0.63771987
0.20272931,0.20641474
0.42209572,0.2766628
0.6115485,0.5691729
0.13293093,0.6900317
0.27252772,0.50394976
0.08506918,0.106784016
0.57864356,0.42429444
0.20272933,0.25544986
0.7910301,0.47481573
0.0770922,0.10916674
0.25258532,0.11382131
0.8408861,0.8671949
0.063132524,0.09067193
0.00031396747,0.0076467395
-0.0046716034,0.024995685
0.91068447,0.3687483
0.87079966,0.1628735
0.82094365,0.69679725
0.49189413,0.6911645
0.29247013,0.28457946
0.42209572,0.32798553
0.3423261,0.329686
0.4121245,0.34172362
0.0033053458,0.059059024
0.03321895,0.084245116
-0.0036745071,0.011482984
0.69131804,0.6732673
0.0770922,0.33708793
0.9605405,0.5525719
0.6115485,0.57007444
0.14988199,0.14398305
0.82094365,0.89609647
0.29247013,0.30441713
0.5716637,0.45048362
0.87079966,0.78225565
0.8608285,0.57516474
0.32238373,0.30559963
0.5616925,0.6090336
0.03321895,0.02888006
0.4121245,0.6577064
0.8010013,0.7938722
0.9705117,0.8603883
0.053161323,0.64660394
0.11298853,0.16543555
0.6115485,0.47088253
0.8508573,0.9253493
0.5816349,0.3500816
0.48591137,0.3720901
0.29247013,0.34449595
0.0082909465,0.0131396055
0.06911525,0.119068
0.12295973,0.1741325
0.7910301,0.511615
0.6614045,0.6807654
0.063132524,0.08671573
0.990454,0.23519418
0.05415845,0.21094479
0.23264292,0.2515891
0.0033053458,0.012119532
0.82094365,0.71102095
0.20272933,0.31236428
0.11298853,0.058947086
0.8508573,0.5198616
0.6015773,0.62562597
-0.005469322,0.003921807
0.15287334,0.09419337
0.19275814,0.60393876
0.93062687,0.7099495
0.75114524,0.62639964
0.3921821,0.50211257
0.9705117,0.8451026
0.26255655,0.28953505
0.5716637,0.11865534
0.023247749,0.044331193
-8.484721e-05,0.017676711
0.5816349,0.4188696
0.15287334,0.25771597
0.018262118,0.19460359
0.990454,0.9479807
0.050169975,0.24013153
0.44203812,0.2680867
0.65143335,0.61256313
0.023247749,0.015803605
0.017265022,0.01957348
-8.484721e-05,0.0037026405
0.54175013,0.6567756
0.24061988,0.192008
0.3921821,0.030961454
0.3822109,0.46277905
0.013276547,0.073149115
0.48192292,0.8096484
0.073103726,0.08468965
0.6015773,0.77108866
0.25258532,0.24265772
0.032221824,0.096434206
0.48192292,0.5076689
0.013276547,0.07929781
0.51183647,0.30985698
0.35229734,0.12630415
0.09603748,0.11906253
0.010285169,0.1054216
0.04319015,0.02408263
0.10301733,0.1288312
0.75114524,0.75317025
0.69131804,0.6230816
-0.0056687593,0.0031065047
0.0033053458,0.34077105
0.45200932,0.55496794
0.03321895,0.039733678
0.9605405,0.9239093
0.76111645,0.90319294
0.4420381,0.072821766
-0.002677381,0.0047594607
-0.0016802847,0.08805862
-0.0056687593,0.012761056
0.46198052,0.39325374
0.004302472,0.029517949
0.9804829,0.98079425
0.18278691,0.33451495
0.23264292,0.2553516
0.5716637,0.18199198
0.063132524,0.09478691
0.6314909,0.38621673
0.14290214,0.2052255
0.10301733,0.11141844
0.0033053458,0.12408945
0.48192292,0.77189624
0.013276547,0.43424332
0.65143335,0.7108425
0.7212317,0.49845994
-0.005469322,0.010478467
0.3635648,0.2922338
0.02025637,0.019942671
0.59160614,0.41757765
0.03321895,0.04742703
0.6813469,0.31732073
0.6314909,0.73831904
0.16284454,0.18682352
0.00031396747,0.012060165
0.17281574,0.19765514
0.017265022,0.15840706
0.029230446,0.03595555
0.49189413,0.26314545
0.053161323,0.19261572
0.8408861,0.9773705
0.3622685,0.43031937
0.23264292,0.19568495
0.75114524,0.64325297
0.38719654,0.19557995
0.32238373,0.23412746
0.55172133,0.716454
0.698298,0.84068644
0.023247749,0.03452733
0.9804829,0.3615994
0.59160614,0.5573273
0.27252772,0.049955785
0.023247749,0.013937056
0.6025744,0.041474193
0.6215197,0.64714867
0.020156682,0.03816983
0.4719517,0.50371975
0.5816349,0.52017546
0.0033053458,0.016841173
0.6115485,0.27127326
-0.0046716034,0.018894583
0.089057654,0.03218448
0.9505693,0.9141637
0.009288043,0.019561261
0.21270053,0.27597216
0.013276547,0.021163136
0.013276547,0.018762678
0.19275814,0.2023144
0.081080705,0.22810502
0.6414621,0.7795218
0.07808936,0.037910253
0.9804829,0.75883764
0.10600868,0.0637373
0.16284454,0.13431631
0.85085726,0.885666
0.9804829,1.0380558
0.09304613,0.26276672
0.75114524,0.67044663
0.8408861,0.72531694
0.990454,0.85913074
0.0082909465,0.03397581
0.48192292,0.5130039
0.14290214,0.18852392
0.0072938204,0.019079655
0.04319015,0.16572262
-0.0054394007,0.016581744
0.6015773,0.68202764
-0.005768448,0.012828678
0.75114524,0.6936985
0.6015773,0.45596993
-0.006566137,0.14440459
0.18278691,0.16141692
0.027236223,0.022883505
0.8618256,0.22226214
-0.006566137,0.00676924
0.006296724,0.01507619
0.053161323,0.027138025
0.391185,0.07594836
0.04319015,0.09385154
0.0056984425,0.0076117516
0.15287334,0.14338706
0.013276547,0.0210056
0.76111645,0.68372583
0.4121245,0.11025567
0.9705117,0.8965406
0.77108765,0.930622
0.82094365,0.3046831
-0.0056687593,0.003253162
0.09105191,0.058012575
0.0142736435,0.032151163
0.75114524,0.48560905
0.6314909,0.44886744
0.0033053458,0.14721955
0.9705117,0.031585395
0.16284454,0.13702264
0.46198052,0.6882393
0.7910301,0.77562696
0.14290214,0.11928545
0.77108765,0.25266376
0.5616925,0.5058006
0.12295973,0.07977888
0.9405981,0.9729924
0.03321895,0.07639998
0.0023082495,0.06545138
0.0033053458,0.0102984905
0.43206692,0.844417
0.6414621,0.63019085
0.51183647,0.4740509
0.25258532,0.19874561
-0.0046716034,0.0058556497
0.0082909465,0.052000284
0.42209572,0.84490955
0.11298853,0.32824564
0.09304613,0.12854868
-0.0046716034,0.009101391
0.08307493,0.05268967
0.93062687,0.7719208
0.30244133,0.19511977
0.03321895,0.17736737
0.29247013,0.17444561
0.013276547,0.015007049
0.50186527,0.63456607
0.45200932,0.48688823
0.0033053458,0.020048052
0.53177893,0.28184855
0.0033053458,0.012548983
0.9705117,0.9447899
0.54175013,0.6002569
0.7810589,0.67043537
0.19275814,0.20479943
0.004302472,0.014170855
0.032221824,0.10596573
0.7810589,0.62584615
0.58063775,0.5873121
0.7810589,0.8121835
0.023247749,0.031006634
0.0023082495,0.0074754953
0.068118155,0.096291095
0.010285169,0.018694311
0.0053993165,0.028765976
0.00031396747,0.004014045
0.7611165,0.6311747
0.59160614,0.045872748
0.7910301,0.34035
0.16284454,0.15468745
0.0033053458,0.013616353
-0.0036745071,0.0052776933
0.5467357,0.8435852
0.0033053458,0.062447786
0.3921821,0.17394407
0.8408861,0.7453288
0.11298853,0.8941588
0.54175013,0.313645
0.21270053,0.18713589
0.9804829,0.83775836
0.005299568,0.009324223
0.19275814,0.050145388
0.055155575,0.1156698
0.20272931,0.28039306
0.3722397,0.48088804
0.20272933,0.3774534
0.035213202,0.030870736
0.8408861,0.74553645
0.15287334,0.28060836
0.10301733,0.14676896
0.115979895,0.06962237
0.7212317,0.7642064
0.16284454,0.23246004
0.0033053458,0.20875888
0.98945695,0.8510721
0.6414621,0.5826913
0.063132524,0.031049639
0.32707018,0.43436462
-0.0036745071,0.009558409
0.30244133,0.3312518
0.0013110936,0.030010194
0.5218077,0.37999526
0.49189413,0.5804891
0.87079966,0.89404905
0.4260842,0.641258
0.45200932,0.32622403
0.6115485,0.7295948
0.18677542,0.18388872
0.35229734,0.25977367
0.4021533,0.48309398
0.7212317,0.7040242
0.107005805,0.19019324
0.32019007,0.20132098
0.53177893,0.4760538
0.33135778,0.36927375
0.93062687,0.75954914
0.0033053458,0.07693675
0.057149827,0.042531073
0.11298853,0.050101727
0.13293093,0.27870747
0.6015773,0.45450357
0.46198052,0.25818497
0.7910301,0.7042031
0.5716637,0.7910897
0.6015773,0.082775146
0.9007133,0.84803945
0.92065567,0.7353991
0.3722397,0.285026
0.17281574,0.64515096
0.76111645,0.89081335
0.55172133,0.6305542
0.7411741,0.73999596
0.23264292,0.13231689
0.4021533,0.40815192
0.16284454,0.3241626
0.16075057,0.12115672
0.54175013,0.5872367
0.6813469,0.6268852
0.10301733,0.13638557
0.75114524,0.66714907
0.18976676,0.10637236
0.12295973,0.1879378
0.8010013,0.37862888
0.03321895,0.12925483
0.04319015,0.029271126
0.4420381,0.428515
0.6015773,0.7082732
0.14290214,0.15362659
0.07011238,0.06120491
0.77208483,0.77875626
0.08307493,0.3026643
0.3124125,0.3687564
0.037207425,0.21437497
0.08307493,0.19668363
0.24261412,0.10447034
0.54175013,0.6518978
0.42209572,0.15239444
0.3722397,0.60114884
0.5716637,0.5583913
0.91068447,0.9320788
0.013276547,0.04743275
0.2824989,0.17609955
0.11298853,0.17664187
0.26255655,0.48107594
0.2824989,0.33251852
0.9705117,0.674036
0.0082909465,0.014257759
0.3124125,0.42394224
0.35229734,0.6491755
0.14290214,0.2509936
0.08207783,0.03613928
0.3124125,0.18214047
0.17281574,0.35101122
0.42209572,0.41590816
0.013276547,0.2787311
0.21968037,0.45239776
0.19275814,0.16086154
0.55172133,0.39007777
0.7411741,0.5522677
0.23264292,0.18841033
0.27252772,0.12380539
0.73120284,0.7969037
0.029230446,0.04112634
0.6713757,0.78226817
0.24261412,0.22957796
0.3722397,0.33550304
0.04319015,0.27006742
0.12794533,0.09393805
0.43206692,0.46136314
0.29247013,0.28680244
0.23264292,0.37342018
0.0013110936,0.0065849125
0.8010013,0.8402897
0.49189413,0.4643245
0.8528515,0.70206666
0.055155575,0.15489094
0.6713757,0.1548824
0.43206692,0.44319475
0.93062687,0.7935016
-0.004272759,0.026786238
0.10301733,0.1500355
0.0023082495,0.011154264
0.2824989,0.48469138
0.9804829,0.98958963
0.9605405,0.34303242
0.06911525,0.03959921
0.6713757,0.7230233
0.69131804,0.5998293
0.44203812,0.43248606
0.03321895,0.12405676
0.20272931,0.29000887
0.6713757,0.12506911
0.053161323,0.008391082
0.08506918,0.20566592
0.0033053458,0.2110605
0.76859486,0.34155387
0.21270053,0.024929106
0.10301733,0.21960387
0.26255652,0.12897277
0.3722397,0.1620789
0.8508573,0.82679725
0.031224668,-0.0020810068
0.9405981,0.849468
0.6614045,0.4392295
0.30244133,0.3001609
0.6215197,0.65274155
0.12295973,0.30256987
0.7411741,0.7244911
0.010285169,0.004692942
-0.002677381,0.023801446
0.9804829,0.93958163
0.29247013,0.21371287
0.42209572,0.50588816
0.9405981,0.09156391
0.0023082495,0.17669529
0.71126044,0.21153817
0.09304613,0.20098504
-0.0036745071,0.36159834
0.21270053,0.13552324
0.4420381,0.20252328
0.13691941,0.11081101
0.53177893,0.6784377
0.42209572,0.3052274
0.04319015,0.28747043
0.8508573,0.79079056
0.10301733,0.13942905
0.92065567,0.79260874
0.052164227,0.09873143
0.46198052,0.51752186
0.42209572,0.40836558
0.89074206,0.62626755
0.33235493,0.75412875
-0.0036745071,0.11041163
0.13293093,0.13047333
0.9405981,0.86959815
0.23264292,0.3732261
0.92065567,0.9091846
0.88077086,0.8676066
0.12295973,0.16189572
0.3822109,0.50541735
0.047178596,0.018844604
0.55172133,0.5630202
0.848863,0.82365215
0.0033053458,0.019128531
0.39317924,0.07983714
0.54175013,0.31885752
-0.0056687593,0.009873897
0.29247013,0.30828348
0.0033053458,0.03338781
0.75114524,0.78627014
0.75114524,0.777681
0.48890275,0.37318742
0.5616925,0.54349643
0.59758884,0.6033517
0.2824989,0.51258385
0.03321895,0.04040456
0.9505692,0.81831056
-0.005369574,0.003358096
0.7411741,0.6452851
0.0033053458,0.004205078
0.03321895,0.015838832
0.11298853,0.07297087
0.81097245,0.83743846
0.03321895,0.030766249
0.0033053458,0.01969853
0.32238373,0.32307777
0.012279421,0.012628317
0.7910301,0.22052945
0.25258532,0.2643744
0.5218077,0.43301457
0.9405981,0.84326476
0.5616925,0.6102824
0.27252772,0.3964878
0.3722397,0.4045896
0.9804829,0.96782607
0.69331235,0.7905241
0.43206692,0.36293012
0.10301733,0.2549061
0.8608285,0.7931709
0.7212317,0.45478255
0.6614045,0.3465736
0.45200932,0.15714574
0.09304613,0.7292058
0.75114524,0.5069631
0.10900004,0.0900704
0.30244133,0.34897754
0.013276547,0.058834225
0.9056989,0.8499526
0.063132524,0.15647322
0.04319015,0.9693359
0.6115485,0.46789995
0.77108765,0.23103584
0.42209572,0.39973715
0.11298853,0.87493974
0.24261412,0.48531178
0.08307493,0.12885712
0.81097245,0.7037841
0.11298853,0.070607245
-0.006566137,0.005770117
0.016267896,0.03229636
0.063132524,0.13997725
-0.0059678555,0.022045732
0.005299568,0.007611066
0.7212317,0.8398305
0.12295973,0.112503424
-0.0061672926,0.0046714246
0.10800293,0.08540034
0.9804829,0.9577151
0.26255655,0.23679154
0.12295973,0.15615876
0.81097245,0.8733767
0.0411959,0.44623822
0.89074206,0.7977163
0.81097245,0.731534
0.03321895,0.038294792
-0.0056687593,0.0017078221
0.33235493,0.24319874
0.04319015,0.79119086
0.8408861,0.8866074
0.45200932,0.4184137
0.010684043,0.044837713
0.7012893,0.9452044
-0.0016802847,0.012713462
0.86481696,0.8480722
0.3722397,0.465879
0.14788772,0.0128003955
0.6414621,0.6446265
0.4420381,0.529204
0.3822109,0.31493208
0.51183647,0.7768381
0.9804829,0.99907774
0.067121,0.036737144
0.9405981,0.8846148
0.11298853,0.1082623
0.14290214,0.25255176
0.8408861,0.6264456
0.013276547,0.027100474
0.82094365,0.9710021
0.073103726,0.08900896
0.08307493,0.12737873
0.53177893,0.5073209
0.26255655,0.4990942
0.3622685,0.4331219
0.8608285,0.9547912
0.2824989,0.19951105
0.33235493,0.4135415
-0.00347507,0.10634962
0.12295973,0.023282856
0.04319015,0.7016229
0.8408861,0.85550034
0.26255655,0.5097721
0.82094365,0.21057597
0.3124125,0.12941289
0.14290214,0.1544947
0.116977006,0.092382014
0.9804829,0.86156136
0.03321895,0.044492364
0.0033053458,0.027898014
0.29247013,0.118771255
0.053161323,0.08847526
0.10600868,0.11955431
0.29247013,0.07317886
0.7411741,0.6716273
0.35229734,0.4107199
0.5816349,0.4902814
0.039201677,0.009441048
0.94558364,0.87278974
0.6414621,0.6173042
0.5716637,0.6985731
0.46397474,0.53857183
0.23264292,0.09589565
0.4021533,0.7983942
0.59160614,0.045518756
-0.006566137,0.026516646
-0.002178818,0.020679057
0.29247013,0.28288406
0.08506918,0.051541
0.24261412,0.20355552
0.003803879,0.023492783
0.052164227,0.014764458
0.93062687,0.6278388
0.09304613,0.09759015
0.025241971,0.070130676
0.032221824,0.1397813
-0.004272759,0.01592189
0.27252772,0.24411158
0.6314909,0.05865085
-0.0025776625,0.0015894175
0.3423261,0.049892306
0.4121245,0.545428
0.45200932,0.4064101
0.7431683,0.15344109
0.3712426,0.1562735
0.023247749,0.0480403
0.8608285,0.8997828
0.3822109,0.45883185
0.26255655,0.25370574
0.18278691,0.18603984
0.8010013,0.84127903
0.48890275,0.568043
0.26255652,0.32959735
0.16284454,0.402148
0.33235493,0.34742987
0.6713757,0.56948054
0.0013110936,0.04056251
0.27252772,0.16915752
0.6215197,0.45249528
0.17281574,0.144916
0.10301733,0.18007992
0.17281574,0.4116416
0.51183647,0.52628595
0.17281574,0.1461317
0.0411959,0.05822575
0.10301733,0.39959404
0.058146924,0.04666376
0.31241253,0.2587145
0.0006131232,0.06768373
0.8608285,0.8787329
0.5816349,0.4344686
0.063132524,0.21891372
0.46198052,0.5758614
0.31540388,0.8013201
0.12295973,0.611068
0.15287334,0.23247498
0.25258532,0.27655053
0.51183647,0.46240175
0.32238373,0.28980222
0.71923745,0.91581064
0.7212317,0.8114432
0.005299568,0.2789774
0.017265022,0.011802912
0.006296724,0.054398984
0.50186527,0.44894606
0.6813469,0.65865666
0.0033053458,0.01022616
0.023247749,0.021024942
0.54175013,0.7095247
0.13293093,0.12220742
0.7212317,0.1614135
0.01150164,0.007244289
-0.00068312883,0.03028524
0.09304613,0.05512944
-0.002677381,0.63661397
0.7411741,0.6930675
0.0013110936,0.044823647
0.6414621,0.65440637
0.03321895,0.023959398
0.23264292,0.16379797
0.48192292,0.5385899
0.55172133,0.30311668
0.3722397,0.36165652
0.990454,0.871581
0.4360554,0.4677133
0.03321895,0.057077467
0.93062687,0.8434452
0.6015773,0.7429576
0.93062687,0.7818563
0.14489637,0.2564523
0.9804829,0.9709179
0.3921821,0.50614905
0.0033053458,0.006871015
0.9705117,0.37329856
0.0023082495,0.16507302
0.26255652,0.32845405
0.92065567,0.85441005
0.0033053458,0.007640183
0.77108765,0.8619235
0.91068447,0.36553296
0.53177893,0.45992777
0.048175752,0.02654767
0.77108765,0.6975329
0.73917985,0.71050286
0.11498277,0.13174327
0.7411741,0.61470795
0.040198773,0.046334088
0.25258532,0.22166622
0.5616925,0.5411036
0.9605405,0.5996026
0.12295973,0.595325
0.009288043,0.008858919
0.81097245,0.48525888
0.19774373,0.22230327
0.81097245,0.1924326
0.30244133,0.3942479
0.0033053458,0.009043902
0.023247749,0.56540287
-0.0055091977,0.0016065538
0.5218077,0.5217092
0.13293093,0.12817489
0.007592976,0.011213064
0.24261412,0.51680267
0.9804829,1.0034049
0.0033053458,0.12026824
0.7910301,0.8323792
-0.0056687593,0.5163326
0.65143335,0.61999893
-0.0036745071,0.16853943
0.42209572,0.43098742
0.9505692,0.77128065
0.48192292,0.4716863
0.00031396747,0.13995722
0.6015773,0.61939836
0.11298853,0.3917153
0.55172133,0.50948125
-0.0056687593,0.010725766
0.990454,0.9168158
0.0033053458,0.044303983
0.32238373,0.3332793
0.3921821,0.13109608
0.26255655,0.22843902
0.3124125,0.31235737
0.0047012866,0.012814552
0.27252772,0.19455431
0.91068447,0.94712734
-0.004701525,0.008086652
0.79900706,0.8246721
0.42209572,0.5078583
0.16085029,0.40474153
0.33235493,0.6911468
0.43206692,0.23597972
0.0033053458,0.0197393
0.063132524,0.014300793
0.89074206,0.6747979
-0.0036745071,0.0054795444
0.26255652,0.4360915
0.46198052,0.060589194
0.48192292,0.3041823
-0.006426543,0.043696553
0.0033053458,0.011416882
0.04319015,0.93329585
0.83091486,0.88598263
0.0033053458,0.0244447
0.0033053458,0.023030818
0.13293093,0.12982205
0.19275814,0.16498862
0.023247749,0.12505706
0.9804829,0.7441578
-0.002677381,0.015154958
0.039201677,0.1173453
0.0033053458,0.04076445
0.7910301,0.8397064
0.26255655,0.2293366
0.2765162,0.102081746
0.04319015,0.14875299
0.29247013,0.11323221
0.3921821,0.41115114
0.4719517,0.4686724
0.013276547,0.03924203
0.03321895,0.01487124
-0.0056687593,0.0018441975
0.027236223,0.009604216
0.2824989,0.5548113
0.15287334,0.26672268
0.6314909,0.7136438
0.5616925,0.5791755
0.6813469,0.11525658
-0.0018796921,0.07023209
0.5616925,0.04278207
0.32238373,0.18547711
0.990454,0.9570146
0.03321895,0.15761419
0.10301733,0.21167934
0.6314909,0.6840312
-0.0046716034,0.007240474
0.83091486,0.73683864
0.88077086,0.7892297
0.0072938204,0.016034156
0.20272931,0.12704568
0.71126056,0.88676035
-0.0065461993,0.014748067
0.050169975,0.033966392
0.6215197,0.5853126
0.3622685,0.4039249
0.9007133,0.7331037
0.0033053458,0.057305247
0.0033053458,0.069423735
0.59160614,0.5168438
0.59160614,0.59607756
0.053161323,0.083610654
0.4121245,0.051669955
0.5616925,0.5873367
0.6713757,0.43852514
0.53177893,0.68282557
0.023247749,0.03711608
0.13293093,0.2741364
0.17281574,0.22507857
0.009288043,0.010787696
0.59160614,0.630552
0.021253496,0.14940608
0.3423261,0.33710733
0.32936355,0.5697588
0.6115485,0.6247324
0.79202724,0.7787325
0.3822109,0.32117724
0.9007133,0.82765114
0.53177893,0.46590626
0.021253496,0.012977064
0.30244133,0.44140473
0.9804829,0.8338326
0.8508573,0.8174583
0.073103726,0.064302206
0.6314909,0.0066534877
0.022250652,0.10966845
0.042192996,0.10872364
-0.0046716034,0.006684661
0.3722397,0.37203804
0.25258532,0.2737229
0.39018786,0.3287411
0.073103726,0.04318437
0.107005805,0.04060328
0.59160614,0.7847438
0.013276547,0.11462696
0.010285169,0.027246714
0.33235493,0.25551814
0.013276547,0.38722107
0.6314909,0.6579329
0.92065567,0.9074903
0.0033053458,0.012314528
0.3722397,0.123217925
0.13991076,0.4821807
0.49189413,0.57227874
0.04319015,0.5995733
0.0052497387,0.00653857
0.006296724,0.3025232
0.21270053,0.3955224
-0.003973633,0.0067846477
0.10102311,0.09667498
0.9505692,0.9898501
0.09304613,0.13506293
0.061138302,0.28132492
0.21270053,0.95182836
0.5816349,0.12891679
0.3722397,0.24197572
0.3921821,0.2939257
0.17281574,0.6601782
0.18278691,0.41918457
0.65143335,0.84336185
0.2206775,0.16040924
0.11298853,0.12030999
-0.0036745071,0.018548518
0.9505692,0.97968
0.6115485,0.42347816
0.013276547,0.010681063
0.4719517,0.7538775
0.9007133,0.8828883
0.09304613,0.1138296
0.81097245,0.1384277
0.3722397,0.67402875
0.9804829,0.141359
0.13293093,0.054125994
0.02025637,0.12859492
0.91068447,0.6483805
0.55172133,0.9499176
-0.0046716034,0.029510826
0.15287334,0.14044085
-0.0046716034,0.01381278
0.30244133,0.32144132
0.4021533,0.46243158
-0.0016802847,0.0024882555
0.7910301,0.24602862
0.14290214,0.040667266
0.20272931,0.1413489
-0.00068312883,0.015869707
0.6614045,0.7056129
0.75114524,0.75203776
0.037207425,0.07354587
0.4121245,0.14252037
-0.0036745071,0.069553256
0.03321895,0.04789889
0.09304613,0.05329123
0.3822109,0.75564456
0.12236145,0.0740284
0.3423261,0.27685866
0.7810589,0.24808921
0.77108765,0.1710741
-0.0056687593,0.053667694
0.063132524,0.07491869
0.0033053458,0.0512006
0.08307493,0.10886234
0.6813469,0.71928155
0.15287334,0.16892855
0.5118365,0.43207943
0.3124125,0.25944665
0.17281574,0.30662876
0.71126056,0.7010374
0.1600526,0.28703877
0.3124125,0.5499923
-0.0046716034,0.0046975315
0.5118365,0.95527166
0.015270799,0.010885835
-0.0036745071,0.023073673
0.8508573,0.8176819
0.33235493,0.6508745
0.0033053458,0.01648745
0.20272931,0.111920774
0.6115485,0.9643804
0.013276547,0.68965876
0.013276547,0.050213844
0.87079966,0.8622997
0.063132524,0.09277728
0.8010013,0.8622762
0.10301733,0.17465366
0.10301733,0.13283162
0.5816349,0.4132684
0.040198773,0.16512339
0.45200932,0.63444203
0.7371856,0.6066574
0.017265022,0.00889653
0.5616925,0.6413164
0.89074206,0.8395181
0.15287334,0.11202839
0.22466597,0.6055253
0.08307493,0.23090054
0.49189413,0.39736757
0.5218077,0.39271364
0.88077086,0.9163447
-0.0056687593,0.0067956746
0.9007133,0.75614476
0.4609834,0.50836337
0.019259274,0.092728674
0.24261412,0.17882617
0.18278694,0.2304823
0.023247749,0.051757336
0.49189413,0.43135452
0.43206692,0.4406962
0.03820452,0.08122069
0.6015773,0.77079
0.10501158,0.1192805
0.7910301,0.8011048
0.011282295,0.027582288
0.013276547,0.06090164
0.75114524,0.14596742
0.18777253,0.15447566
0.3124125,0.3969578
0.65143335,0.04781583
0.2864874,0.21828458
0.6514333,0.60340697
0.10301733,0.13986142
-0.0036745071,0.015348971
0.032221824,0.01871875
0.12295973,0.16037261
0.13293093,0.17681071
0.6015773,0.3211518
0.10301733,0.5237808
0.632488,0.61069214
0.914673,0.9137645
0.3124125,0.41560307
0.87468845,0.39509147
0.9405981,0.9356311
-0.005070448,0.002321273
0.03321895,0.09187192
0.93062687,0.8576658
0.9007133,0.97913337
0.032221824,0.009616822
0.6614045,0.3990456
0.044187248,0.098822325
0.03321895,0.026865155
-0.00649637,0.030060679
0.3423261,0.052574098
0.12295973,0.27202672
0.44203812,0.5381955
0.0013110936,0.014565319
0.8010013,0.4814304
0.068118155,0.034588605
0.00031396747,0.009458721
0.48192292,0.17063966
0.13293093,0.51420784
0.042192996,0.031947166
0.19275814,0.29318735
-0.00068312883,0.0035517514
0.53177893,0.091404796
0.92065567,0.90994614
0.05415845,0.053297043
0.013276547,0.08799109
0.89074206,0.9739826
0.10301733,0.09725964
0.59160614,0.7367455
0.16284454,0.13060597
0.6813469,0.72356534
0.71126056,0.33919033
0.27950758,0.45106927
0.7212317,0.6013495
-0.004990697,0.011379123
0.19275814,0.15725787
0.9705117,0.9152283
0.16284454,0.12678589
0.59160614,0.5823091
0.10301733,0.28808975
0.23264292,0.5185884
0.30244133,0.4551671
0.990454,1.0059688
0.03321895,0.0348534
